CURRUCUCU ZIBATA. 8D2PL9LSNTMG,,,,,,,
Ventas de Productos,,,,,,,
"Lista de Productos en las ventas de entre 8:00 AM, sábado 12 de julio de 2025 y 8:00 AM, lunes 13 de julio de 2026",,,,,,,
"Fecha de exportación: 9:32 AM, miércoles 15 de julio de 2026",,,,,,,
#,ID Alfanumérico,Código (SKU),Nombre,Categoría,Subcategoría,Cantidad, Importe 
1,7FwSjyxeaJCqHqPhIOHo,-,Paquete Currucucu,PAQUETES ,-,4316," $647,418.00 "
2,1619020699155-CON 1 GUISO,-,Quesadillas CON 1 GUISO,DEL COMAL,-,2378," $130,790.00 "
3,1619020699158,-,Agua Del Dia,Bebidas ,-,381," $15,240.00 "
4,cDOu9zXVilEPeqZqBpPe-CAFE DE OLLA,-,Cafe CAFE DE OLLA,Bebidas ,-,456," $19,480.00 "
5,1619020699159,-,Jugo de Naranja Fresco,Bebidas ,-,359," $21,540.00 "
6,1619020699146-SUIZAS DE POLLO,-,Enchiladas SUIZAS DE POLLO,MENU ,-,136," $27,100.00 "
7,9pkEXghxcivPiSOBuXQ7-Mediano,-,Consome de Pollo Mediano,MENU ,-,224," $31,230.00 "
8,1619020699148-CON POLLO,-,Chilaquiles CON POLLO,MENU ,-,282," $49,485.00 "
9,1619020699151-CON 1 GUISO,-,Gorditas CON 1 GUISO,DEL COMAL,-,983," $54,095.00 "
10,1619020699150-MILANESA DE POLLO,-,Milanesas Y Pechugas MILANESA DE POLLO,MENU ,-,253," $39,260.00 "
11,1619020699153-CON 1 GUISO,-,Tacos CON 1 GUISO,DEL COMAL,-,885," $30,975.00 "
12,1619020699145-MILANESA DE RES,-,Tortas MILANESA DE RES,MENU ,-,558," $88,850.00 "
13,1619020699145-MILANESA DE POLLO,-,Tortas MILANESA DE POLLO,MENU ,-,554," $87,515.00 "
14,9pkEXghxcivPiSOBuXQ7-Grande,-,Consome de Pollo Grande,MENU ,-,555," $93,605.00 "
15,XwKe5euf35ysnjT64JoQ,-,Jugo Verde,Bebidas ,-,67," $5,025.00 "
16,1619020699148-SUIZOS CON POLLO,-,Chilaquiles SUIZOS CON POLLO,MENU ,-,82," $16,030.00 "
17,1619020699150-MILANESA DE RES,-,Milanesas Y Pechugas MILANESA DE RES,MENU ,-,111," $17,115.00 "
18,g4NLIzJfbGrDEfT340R5,-,Combo Quesadillas,DEL COMAL,-,254," $38,100.00 "
19,gbOah8De7GNBMzoTw88H-MEDIANO DE CERDO,-,Pozole MEDIANO DE CERDO,MENU ,-,64," $10,180.00 "
20,1619020699140-RANCHEROS,-,Huevos RANCHEROS,MENU ,-,85," $11,355.00 "
21,qsBr39LxFbNkid7B3EC0-DE POLLO,-,Flautas DE POLLO,MENU ,-,146," $24,710.00 "
22,1619020699140-A LA MEXICANA,-,Huevos A LA MEXICANA,MENU ,-,29," $3,370.00 "
23,qsBr39LxFbNkid7B3EC0-MIXTAS,-,Flautas MIXTAS,MENU ,-,85," $15,105.00 "
24,1619020699148-CON ARRACHERA,-,Chilaquiles CON ARRACHERA,MENU ,-,102," $22,200.00 "
25,gbOah8De7GNBMzoTw88H-GRANDE DE CERDO,-,Pozole GRANDE DE CERDO,MENU ,-,212," $38,715.00 "
26,1619020699148-SENCILLOS,-,Chilaquiles SENCILLOS,MENU ,-,170," $19,510.00 "
27,gbOah8De7GNBMzoTw88H-MEDIANO DE POLLO,-,Pozole MEDIANO DE POLLO,MENU ,-,64," $10,060.00 "
28,cDOu9zXVilEPeqZqBpPe-AMERICANO,-,Cafe AMERICANO,Bebidas ,-,9, $360.00 
29,SwP7Q2haoxpylRPzmSJ1-CON POLLO,-,Enfrijoladas CON POLLO,MENU ,-,97," $16,205.00 "
30,1619020699148-DEL PATRON,-,Chilaquiles DEL PATRON,MENU ,-,40," $9,145.00 "
31,c1qAnoYpyV3DX20hkTyM-COCA COLA REGULAR,-,Refrescos COCA COLA REGULAR,Bebidas ,-,90," $3,790.00 "
32,1619020699148-RELLENOS,-,Chilaquiles RELLENOS,MENU ,-,30," $5,710.00 "
33,qsBr39LxFbNkid7B3EC0-DE RES,-,Flautas DE RES,MENU ,-,89," $15,850.00 "
34,c1qAnoYpyV3DX20hkTyM-COCA COLA ZERO,-,Refrescos COCA COLA ZERO,Bebidas ,-,43," $1,795.00 "
35,c1qAnoYpyV3DX20hkTyM-PEÑAFIEL,-,Refrescos PEÑAFIEL,Bebidas ,-,13, $550.00 
36,1619020699146-DE POLLO,-,Enchiladas DE POLLO,MENU ,-,68," $11,506.00 "
37,2ef00uWVVhDNIW1lsSH3,-,Combo Gorditas,DEL COMAL,-,123," $18,450.00 "
38,1619020699140-DIVORCIADOS,-,Huevos DIVORCIADOS,MENU ,-,23," $2,645.00 "
39,"1619020699146-DE POLLO, CHORIZO O BISTEC",-,"Enchiladas DE POLLO, CHORIZO O BISTEC",MENU ,-,85," $14,880.00 "
40,1619020699140-LA CAZUELA DE LA ABUELA,-,Huevos LA CAZUELA DE LA ABUELA,MENU ,-,11," $1,880.00 "
41,gbOah8De7GNBMzoTw88H-GRANDE DE POLLO,-,Pozole GRANDE DE POLLO,MENU ,-,192," $34,975.00 "
42,1619020699140-CON CHORIZO,-,Huevos CON CHORIZO,MENU ,-,20," $2,850.00 "
43,7qlNq25XAOiDeg6TwR48,-,Arrachera a la plancha,MENU ,-,25," $6,625.00 "
44,SwP7Q2haoxpylRPzmSJ1-VERACRUZANAS,-,Enfrijoladas VERACRUZANAS,MENU ,-,31," $5,915.00 "
45,1619020699140-OMELETTE DE JAMÓN Y QUESO,-,Huevos OMELETTE DE JAMÓN Y QUESO,MENU ,-,44," $7,200.00 "
46,1619020699148-CON BISTEC,-,Chilaquiles CON BISTEC,MENU ,-,40," $6,840.00 "
47,1619020699148-MAYAS,-,Chilaquiles MAYAS,MENU ,-,36," $6,535.00 "
48,1619020699152-CON 1 GUISO,-,Sopes CON 1 GUISO,DEL COMAL,-,164," $9,840.00 "
49,1619020699150-PECHUGA ALA PLANCHA 200 GRS.,-,Milanesas Y Pechugas PECHUGA ALA PLANCHA 200 GRS.,MENU ,-,68," $16,320.00 "
50,1619020699148-CON CECINA,-,Chilaquiles CON CECINA,MENU ,-,25," $5,355.00 "
51,jM7eH7kBIHRWZ56V7G7a,-,Chocolate,Bebidas ,-,15," $1,010.00 "
52,1619020699155-SENCILLA,-,Quesadillas SENCILLA,DEL COMAL,-,267," $12,015.00 "
53,ZHgQktd8drHU2XJrjIrw,-,Rusa,Bebidas ,-,11, $660.00 
54,c1qAnoYpyV3DX20hkTyM-BOING LATA 355 ML,-,Refrescos BOING LATA 355 ML,Bebidas ,-,24," $1,080.00 "
55,1619020699156-ESPECIAL CON CECINA O ARRACHERA O CARNITAS,-,Huaraches ESPECIAL CON CECINA O ARRACHERA O CARNITAS,DEL COMAL,-,35," $6,190.00 "
56,Hm67fLGGG2ofTFNgzG1M,-,GUISO CON DOS GUARNICONES,MENU ,-,38," $4,680.00 "
57,1619020699142-LOS SENCILLOS,-,Molletes LOS SENCILLOS,MENU ,-,64," $7,990.00 "
58,awVhgNznadD7dPa0PkDM,-,Cecina,MENU ,-,15," $3,960.00 "
59,qsBr39LxFbNkid7B3EC0-DE PAPA,-,Flautas DE PAPA,MENU ,-,83," $9,940.00 "
60,1619020699140-CON JAMÓN,-,Huevos CON JAMÓN,MENU ,-,21," $2,850.00 "
61,1619020699148-ARRIEROS,-,Chilaquiles ARRIEROS,MENU ,-,27," $4,885.00 "
62,yqK9edAwyROCvyTdk2ZJ-POLLO,-,Enmoladas POLLO,MENU ,-,35," $5,785.00 "
63,SwP7Q2haoxpylRPzmSJ1-OAXAQUEÑAS,-,Enfrijoladas OAXAQUEÑAS,MENU ,-,13," $2,705.00 "
64,1619020699161,-,Botella de Agua,Bebidas ,-,7, $210.00 
65,n06hkidwlDUCwcu0le4m,-,DESECHABLES,EXTRAS,-,3449," $34,490.00 "
66,1619020699156-ESPECIAL CON BISTEC O POLLO O CHORIZO,-,Huaraches ESPECIAL CON BISTEC O POLLO O CHORIZO,DEL COMAL,-,31," $4,340.00 "
67,1619020699155-ESPECIAL( CON CECINA O ARRACHERA O CARNITAS),-,Quesadillas ESPECIAL( CON CECINA O ARRACHERA O CARNITAS),DEL COMAL,-,54," $4,320.00 "
68,c1qAnoYpyV3DX20hkTyM-BOING 355 ML,-,Refrescos BOING 355 ML,Bebidas ,-,29," $1,160.00 "
69,1619020699156-CON 1 GUISO,-,Huaraches CON 1 GUISO,DEL COMAL,-,95," $9,045.00 "
70,"1619020699152-CON BISTEC, POLLO O CHORIZO",-,"Sopes CON BISTEC, POLLO O CHORIZO",DEL COMAL,-,200," $15,370.00 "
71,1619020699145-ARRACHERA,-,Tortas ARRACHERA,MENU ,-,111," $20,105.00 "
72,1619020699146-SUIZAS DE QUESO,-,Enchiladas SUIZAS DE QUESO,MENU ,-,33," $6,410.00 "
73,c1qAnoYpyV3DX20hkTyM-COCA COLA LIGHT,-,Refrescos COCA COLA LIGHT,Bebidas ,-,12, $500.00 
74,SwP7Q2haoxpylRPzmSJ1-CON 2 HUEVOS,-,Enfrijoladas CON 2 HUEVOS,MENU ,-,17," $2,425.00 "
75,1619020699148-CON 2 HUEVOS,-,Chilaquiles CON 2 HUEVOS,MENU ,-,45," $5,750.00 "
76,7G5YEiWJXD2uZPivjeNl,-,MINI ROSCA,MENU ,-,31," $9,800.00 "
77,vNpwD9LbkgyUHaFJ6N51,-,Paquete Fin de Semana,PAQUETES ,-,79," $14,220.00 "
78,VDfEMETRENAuc6d5jGhE,-,JUGO DE MANDARINA,Bebidas ,-,5, $400.00 
79,EVObgroPx3Ug1WqooRfg,-,KILO DE BACALAO,NAVIDAD,-,42.25," $39,081.25 "
80,1619020699152-SENCILLO,-,Sopes SENCILLO,DEL COMAL,-,137," $6,860.00 "
81,1619020699156-ESPECIAL CON COSTILLA,-,Huaraches ESPECIAL CON COSTILLA,DEL COMAL,-,23," $4,265.00 "
82,OpcOoNCPChxa6auJGXIt,-,SALMON EN SALSA DE LIMON/ MANTEQUILLA,NAVIDAD,-,36," $24,765.00 "
83,VkpM1feQtz6zg2l96G3u,-,Bistec a La Plancha,MENU ,-,22," $4,730.00 "
84,1619020699149-CON MILANESA DE POLLO,-,Tecolota CON MILANESA DE POLLO,MENU ,-,26," $4,745.00 "
85,1619020699140-CON TOCINO,-,Huevos CON TOCINO,MENU ,-,7, $975.00 
86,1619020699146-DE QUESO,-,Enchiladas DE QUESO,MENU ,-,22," $3,080.00 "
87,1619020699150-PECHUGA A LA PLANCHA,-,Milanesas Y Pechugas PECHUGA A LA PLANCHA,MENU ,-,31," $4,590.00 "
88,SwP7Q2haoxpylRPzmSJ1-SENCILLAS,-,Enfrijoladas SENCILLAS,MENU ,-,41," $4,760.00 "
89,FdWZfoQwGLK1CtF11FrQ,-,FAJITAS DE ARRACHERA,MENU ,-,11," $2,915.00 "
90,vutCcPRMRIIKY56MMOU7,-,KILO DE ROMERITOS,NAVIDAD,-,42.254," $33,169.39 "
91,1619020699140-OMELETTE DE CHAMPIÑONES O FLOR DE CALABAZA O HUITLACOCHE,-,Huevos OMELETTE DE CHAMPIÑONES O FLOR DE CALABAZA O HUITLACOCHE,MENU ,-,5, $845.00 
92,1619020699140-OMELETTE LIGERO CON GUISO,-,Huevos OMELETTE LIGERO CON GUISO,MENU ,-,3, $515.00 
93,1619020699151-SENCILLA,-,Gorditas SENCILLA,DEL COMAL,-,78," $3,510.00 "
94,qsBr39LxFbNkid7B3EC0-DE PAPA CON CHORIZO,-,Flautas DE PAPA CON CHORIZO,MENU ,-,31," $4,325.00 "
95,SwP7Q2haoxpylRPzmSJ1-CON CECINA,-,Enfrijoladas CON CECINA,MENU ,-,12," $2,550.00 "
96,1iZHMHeS3gucL8Q1rtsb,-,Chilaquiles con Pollo,-,-,145," $31,365.00 "
97,n16nyWRrB8z1eLD3NrCd,-,Quesadillas,-,-,422," $31,228.00 "
98,E7ti1RXm1X2bfm9b5lwH,-,EVENTO MARCELA,GUISOS POR KG,-,5," $25,208.00 "
99,1619020699152-ESPECIAL (CON CECINA O ARRACHERA O CARNITAS),-,Sopes ESPECIAL (CON CECINA O ARRACHERA O CARNITAS),DEL COMAL,-,88," $7,920.00 "
100,SwP7Q2haoxpylRPzmSJ1-YUCATECAS,-,Enfrijoladas YUCATECAS,MENU ,-,3, $570.00 
101,SwP7Q2haoxpylRPzmSJ1-CON ARRACHERA,-,Enfrijoladas CON ARRACHERA,MENU ,-,11," $2,305.00 "
102,1619020699149-CON MILANESA DE RES,-,Tecolota CON MILANESA DE RES,MENU ,-,29," $5,350.00 "
103,ILtN9PT4p3dXgXuPiEEV-CECINA O ARRACHERA,-,CHILAQUILES CECINA O ARRACHERA, ANAHUAC,-,10," $1,708.50 "
104,1619020699142-CON CHORIZO,-,Molletes CON CHORIZO,MENU ,-,20," $3,530.00 "
105,1619020699145-COCHINITA,-,Tortas COCHINITA,MENU ,-,49," $8,450.00 "
106,1619020699145-LA OAXAQUEÑA,-,Tortas LA OAXAQUEÑA,MENU ,-,52," $10,225.00 "
107,1619020699140-ESTRELLADOS,-,Huevos ESTRELLADOS,MENU ,-,3, $345.00 
108,1619020699155-CON BISTEC O POLLO O CHORIZO,-,Quesadillas CON BISTEC O POLLO O CHORIZO,DEL COMAL,-,64," $4,345.00 "
109,1619020699142-CON ARRACHERA,-,Molletes CON ARRACHERA,MENU ,-,11," $2,215.00 "
110,7QkZr4vVaWEnYtj3IGLt,-,Torta de Arrachera,-,-,98," $22,262.00 "
111,N7TPggqishErhAnyozx7,-,Flautas de Pollo,-,-,106," $22,249.00 "
112,c1qAnoYpyV3DX20hkTyM-CHAPARRITA,-,Refrescos CHAPARRITA,Bebidas ,-,29, $870.00 
113,1619020699146-DE GUISO DE COMAL,-,Enchiladas DE GUISO DE COMAL,MENU ,-,2, $300.00 
114,1619020699146-ENCHILADAS SENCILLAS,-,Enchiladas ENCHILADAS SENCILLAS,MENU ,-,10," $1,420.00 "
115,wEYVITjkFUruJoLnpmCR,-,Chilaquiles Con Pollo,-,-,103," $21,607.00 "
116,ZHDqIwsAO7P1ni9yKPlj,-,Pastel de Elote,POSTRES,-,4, $280.00 
117,SwP7Q2haoxpylRPzmSJ1-CON BISTEC,-,Enfrijoladas CON BISTEC,MENU ,-,6," $1,000.00 "
118,1619020699156-CON 2 GUISOS,-,Huaraches CON 2 GUISOS,DEL COMAL,-,4, $500.00 
119,0Hw6WZkURZUEL8laqapk,-,Paquete 1,NAVIDAD,-,13," $20,800.00 "
120,c1qAnoYpyV3DX20hkTyM-SIDRAL MUNDET,-,Refrescos SIDRAL MUNDET,Bebidas ,-,8, $355.00 
121,1619020699148-VEGETARIANOS,-,Chilaquiles VEGETARIANOS,MENU ,-,19," $2,845.00 "
122,1619020699151-ESPECIAL CON CECINA O ARRACHERA O CARNITAS,-,Gorditas ESPECIAL CON CECINA O ARRACHERA O CARNITAS,DEL COMAL,-,48," $3,840.00 "
123,JzVxerSQXArPaywxtbKn,-,Pastel de 3 Quesos,POSTRES,-,18," $1,260.00 "
124,i9ysl385qiXsKeFdkd7O,-,CHAMORRO AL PIBIL,ESPECIALES FIN DE SEMANA,-,15," $3,300.00 "
125,xguL4K22SVq91tAyETTD,-,Chilaquiles Con Cecina,-,-,80," $18,919.00 "
126,FPTHXQOzR932BSHzKwDg,-,FILETE DE PESCADO A LA TALLA,NAVIDAD,-,50.5," $15,455.00 "
127,4jF4NOVL8SIQNj79yi7P,-,Papas a La Francesa,EXTRAS,-,55," $3,285.00 "
128,BlTtjJFEOMqrwUSWvXKk,-,FRIJOLES CHARROZ EN SU JUGO,MENU ,-,1, $180.00 
129,RJuP7a3JMQTzwOSD66Co,-,Entrada,PAQUETES ,-,92," $4,600.00 "
130,1619020699140-OMELETTE RELLENO DE CHILAQUILES,-,Huevos OMELETTE RELLENO DE CHILAQUILES,MENU ,-,2, $320.00 
131,ueSovSEeahFYHt1xnR28,-,MENUDO,ESPECIALES FIN DE SEMANA,-,22," $6,010.00 "
132,Mm7H7VoHjvZdu5yfMUaq,-,Nachos de Arrachera,MENU ,-,7," $1,475.00 "
133,SeS3UxHl0b5RWs1OyJ8H,-,LOMO MECHADO,NAVIDAD,-,38," $17,100.00 "
134,4oSpEo7S6P7VrHGDXhVF,-,Fajitas de Arrachera,MENU ,-,3, $795.00 
135,1619020699149-SENCILLOS,-,Tecolota SENCILLOS,MENU ,-,31," $3,410.00 "
136,zboiSpxLJ5ecx0LHd2wA,-,Flautas De Res,-,-,77," $17,037.00 "
137,1619020699142-CON BISTEC,-,Molletes CON BISTEC,MENU ,-,25," $4,575.00 "
138,1619020699140-REVUELTOS,-,Huevos REVUELTOS,MENU ,-,5, $500.00 
139,etKRZrps8XPxYMxpx4Nv,-,Enfrijoladas Oaxaqueñas,-,-,71," $16,817.00 "
140,SwP7Q2haoxpylRPzmSJ1-RANCHERAS,-,Enfrijoladas RANCHERAS,MENU ,-,6," $1,095.00 "
141,1619020699153-ESPECIAL,-,Tacos ESPECIAL,DEL COMAL,-,23," $1,150.00 "
142,ArAyOsyDLUeA6bPPxcck,-,Pastel de Queso con Higo,POSTRES,-,7, $490.00 
143,1619020699149-CON HUEVOS,-,Tecolota CON HUEVOS,MENU ,-,12," $1,670.00 "
144,fzZeQSaLMxRbSgO6lnco,-,Torta De Milanesa,-,-,98," $16,088.00 "
145,Quesadillas,-,Quesadillas,-,-,240," $16,080.00 "
146,iIpIVsvZ0QdbP94po1H7,-,TOSTADAS CON GUISO,DEL COMAL,-,5, $450.00 
147,1619020699142-CON HUEVO,-,Molletes CON HUEVO,MENU ,-,15," $2,185.00 "
148,olgDn9Q9KZvaEM1RUtn9,-,Chilaquiles Del Patrón,-,-,52," $15,296.00 "
149,vBQ2Lpr7sxUv6nb0CbOS,-,Chilaquiles Mayas,-,-,65," $15,193.00 "
150,yqK9edAwyROCvyTdk2ZJ-QUESO,-,Enmoladas QUESO,MENU ,-,37," $5,710.00 "
151,IcaofON9YheLoH94geHr,-,Enchiladas Verdes De Pollo,-,-,70," $15,120.00 "
152,1619020699145-LA DEL CAZO,-,Tortas LA DEL CAZO,MENU ,-,16," $2,850.00 "
153,oGnkTKWQpQpsOK3nibt7,-,Gorditas,-,-,225," $15,075.00 "
154,SwP7Q2haoxpylRPzmSJ1-DEL PATRON,-,Enfrijoladas DEL PATRON,MENU ,-,3, $705.00 
155,KhvEneg6pcVuj6d7q8EI,-,LASAÑA DE CARNE DE RES,NAVIDAD,-,33.5," $13,902.50 "
156,1619020699142-TECOLOTAS SENCILLAS,-,Molletes TECOLOTAS SENCILLAS,MENU ,-,10," $1,473.00 "
157,1619020699168,-,Obleas de Amaranto,POSTRES,-,52," $2,600.00 "
158,jsaGJrrqgh1AIwntdFyp,-,Principal C / Guarnición,PAQUETES ,-,78," $9,360.00 "
159,WKwD2UN8WjmzBc3STZ95,-,Chilaquiles Con Huevo,-,-,84," $14,288.00 "
160,j6lnD3xKqfLdJpMnLB8H,-,PANQUE DE DATIL CON NUEZ,POSTRES,-,6, $480.00 
161,1619020699146-DOBLADITAS VERDES CON ARRACHERA,-,Enchiladas DOBLADITAS VERDES CON ARRACHERA,MENU ,-,1, $200.00 
162,1619020699146-DOBLADITAS VERDES CON CECINA,-,Enchiladas DOBLADITAS VERDES CON CECINA,MENU ,-,23," $4,740.00 "
163,1619020699148-DE CHORIZO,-,Chilaquiles DE CHORIZO,MENU ,-,11," $1,910.00 "
164,DOWidKJ0jBU1ZF0gfGil,-,FRIJOLES CHARROS ORDEN,MENU ,-,19," $2,660.00 "
165,y9hu3EWzzic837bvbjHZ,-,Flautas de Papa,-,-,82," $12,941.00 "
166,1619020699145-CECINA,-,Tortas CECINA,MENU ,-,25," $4,480.00 "
167,qsBr39LxFbNkid7B3EC0-INFANTILES DE POLLO,-,Flautas INFANTILES DE POLLO,MENU ,-,1, $115.00 
168,1619020699145-BISTEC,-,Tortas BISTEC,MENU ,-,65," $9,650.00 "
169,SwP7Q2haoxpylRPzmSJ1-JUANA GALLO,-,Enfrijoladas JUANA GALLO,MENU ,-,2, $450.00 
170,Wmj6XOU3F30JvMeTNT4v,-,FETUCCINI EN SALSA DE QUESO,NAVIDAD,-,42," $12,390.00 "
171,SwP7Q2haoxpylRPzmSJ1-VEGETARIANAS,-,Enfrijoladas VEGETARIANAS,MENU ,-,6, $925.00 
172,c1qAnoYpyV3DX20hkTyM-SPRITE,-,Refrescos SPRITE,Bebidas ,-,6, $255.00 
173,1619020699145-CARNITAS,-,Tortas CARNITAS,MENU ,-,19," $3,420.00 "
174,1619020699149-CON POLLO,-,Tecolota CON POLLO,MENU ,-,9," $1,555.00 "
175,M6Rq1gmbJ2wqh7Yap25d,-,CHAMORRO AL PIBIL,NAVIDAD,-,133," $7,120.00 "
176,adShWrgF57BUayNjFRvf,-,EVENTO MONSTE JUAREZ,GUISOS POR KG,-,4," $11,170.00 "
177,1619020699142-TECOLOTAS CON HUEVO,-,Molletes TECOLOTAS CON HUEVO,MENU ,-,2, $340.00 
178,1619020699149-CON ARRACHERA,-,Tecolota CON ARRACHERA,MENU ,-,5," $1,070.00 "
179,jTMdJAAfLTqTPIBlJe7A,-,Torta Del Cazo,-,-,49," $11,023.00 "
180,8P7HACnKHLjwnZCnYzvv,-,Huevos Con Chorizo,-,-,59," $10,985.00 "
181,1619020699150-INFANTIL DE POLLO,-,Milanesas Y Pechugas INFANTIL DE POLLO,MENU ,-,12," $1,380.00 "
182,1619020699151-CON BISTEC O POLLO O CHORIZO,-,Gorditas CON BISTEC O POLLO O CHORIZO,DEL COMAL,-,24," $1,640.00 "
183,gHkyrOiT4DgXtKwBuhIJ,-,POLLO DESHUESADO,NAVIDAD,-,23," $10,695.00 "
184,yPmwzynvhI8C4FxkunRf,-,Flautas Mixtas,-,-,48," $10,576.00 "
185,x7As80NGnjIvY4Pg2ukO,-,Molletes Sencillos,-,-,62," $10,478.00 "
186,Gorditas_36263,-,Gorditas,-,-,155," $10,465.00 "
187,1619020699156-HUARACHE DE NOPAL CON CECINA,-,Huaraches HUARACHE DE NOPAL CON CECINA,DEL COMAL,-,2, $370.00 
188,1619020699152-INFANTILES SENCILLOS (3),-,Sopes INFANTILES SENCILLOS (3),DEL COMAL,-,62," $5,490.00 "
189,pk7e51ajojBz2DVniIoo,-,Enfrijoladas Con Pollo,-,-,48," $10,368.00 "
190,1619020699148-CON MILANESA DE RES O POLLO,-,Chilaquiles CON MILANESA DE RES O POLLO,MENU ,-,14," $2,540.00 "
191,lrS5J9K8e0pW2VZgVXh1,-,GUACAMOLE,EXTRAS,-,6, $420.00 
192,1619020699151-MIXTA SENCILLA,-,Gorditas MIXTA SENCILLA,DEL COMAL,-,38," $1,975.00 "
193,RkBVIiC4Ubk5g9ThOy4m,-,Huevos a La Mexicana,-,-,71," $9,916.00 "
194,1619020699142-CON POLLO,-,Molletes CON POLLO,MENU ,-,3, $540.00 
195,Hh0N4asDc7d6zxOxk4Pw,-,Huevos Con Jamón,-,-,59," $9,805.00 "
196,1619020699145-DE CHORIZO,-,Tortas DE CHORIZO,MENU ,-,27," $4,200.00 "
197,jA0Fu65HN982AYJ3TKKO,-,PAQUETE 3,NAVIDAD,-,7," $8,400.00 "
198,LgVO1bpIFHx3E62OCUOw,-,ENCHILADAS SUIZAS DE CAMARON,NAVIDAD,-,12," $2,610.00 "
199,1619020699156-HUARACHE DE NOPAL CON BISTEC,-,Huaraches HUARACHE DE NOPAL CON BISTEC,DEL COMAL,-,2, $350.00 
200,1619020699156-HUARACHE DE NOPAL CON POLLO,-,Huaraches HUARACHE DE NOPAL CON POLLO,DEL COMAL,-,2, $350.00 
201,lqBbx5uoffDhrNMjjlsx,-,Chilaquiles Arrieros,-,-,40," $9,286.00 "
202,1619020699146-BISTEC,-,Enchiladas BISTEC,MENU ,-,1, $170.00 
203,1619020699154-ORDEN MILANESA DE RES O POLLO,-,Tacos ORDEN MILANESA DE RES O POLLO,MENU ,-,2, $300.00 
204,1619020699152-INFANTILES CON POLLO (3),-,Sopes INFANTILES CON POLLO (3),DEL COMAL,-,6, $800.00 
205,zcCOiJREsVJjJjmZnMJR-JUEVES POZOLERO (POLLO O CERDO),-,COMBO CURRU JUEVES POZOLERO (POLLO O CERDO),PAQUETES ,-,13," $1,950.00 "
206,1619020699154-ORDEN ARRACHERA,-,Tacos ORDEN ARRACHERA,MENU ,-,7," $1,260.00 "
207,1619020699140-INFANTIL CON JAMÓN O TOCINO,-,Huevos INFANTIL CON JAMÓN O TOCINO,MENU ,-,," $8,925.00 "
208,cDOu9zXVilEPeqZqBpPe-TE,-,Cafe TE,Bebidas ,-,," $8,840.00 "
209,ILtN9PT4p3dXgXuPiEEV-DEL PATRON,-,CHILAQUILES DEL PATRON, ANAHUAC,-,1, $199.00 
210,epbDWFLo37vqXURQSvGe,-,CHAMORROS AL PIBIL,MENU ,-,10," $2,200.00 "
211,1619020699142-TECOLOTAS CON CECINA,-,Molletes TECOLOTAS CON CECINA,MENU ,-,5," $1,150.00 "
212,9pkEXghxcivPiSOBuXQ7-Infantil,-,Consome de Pollo Infantil,MENU ,-,18, $900.00 
213,0AHpL29r0zbBw74xapdb-ARRACHERA,-,TACOS VILLAMELON ARRACHERA,MENU ,-,9," $1,620.00 "
214,0AHpL29r0zbBw74xapdb-CECINA,-,TACOS VILLAMELON CECINA,MENU ,-,5, $900.00 
215,1619020699150-INFANTIL DE MILANESA DE RES O POLLO,-,Milanesas Y Pechugas INFANTIL DE MILANESA DE RES O POLLO,MENU ,-,7, $840.00 
216,mPU2mHzBljdVKjP0OBnN,-,TAMPIQUEÑA DE FILETE DE RES (150 GRAMOS),NAVIDAD,-,8," $1,935.00 "
217,pxV3Po7sTpQK8pmyHJTD,-,Orden de Arroz,EXTRAS,-,56," $2,800.00 "
218,KiEHdHFF6blUTMfV5tsa,-,Chilaquiles Arrachera,-,-,34," $8,212.00 "
219,1619020699149-DEL PATRON,-,Tecolota DEL PATRON,MENU ,-,2, $465.00 
220,Flautas_de_pollo,-,Flautas de pollo,-,-,43," $8,127.00 "
221,"zcCOiJREsVJjJjmZnMJR-VIERNES DE FLAUTAS(POLLO,RES O MIXTAS)",-,"COMBO CURRU VIERNES DE FLAUTAS(POLLO,RES O MIXTAS)",PAQUETES ,-,5, $750.00 
222,1619020699146-DOBLADITAS ROJAS CON COSTILLA,-,Enchiladas DOBLADITAS ROJAS CON COSTILLA,MENU ,-,," $7,905.00 "
223,1619020699148-CON COSTILLA,-,Chilaquiles CON COSTILLA,MENU ,-,14," $3,200.00 "
224,RXAvHB0Wc7sL5UAA3plf-ARRACHERA,-,TORTAS ARRACHERA,PRODUCTOS ANAHUAC,-,14," $2,136.00 "
225,1619020699146-DOBLADITAS ROJAS CON CECINA,-,Enchiladas DOBLADITAS ROJAS CON CECINA,MENU ,-,," $7,750.00 "
226,cDPljD1d2jGHxkaRqJKV,-,Aguacate,EXTRAS,-,7, $210.00 
227,Torta_de_milanesa_de_55957,-,Torta de milanesa de res,-,-,42," $7,644.00 "
228,1619020699142-TECOLOTAS CON ARRACHERA,-,Molletes TECOLOTAS CON ARRACHERA,MENU ,-,2, $460.00 
229,1619020699149-CON CECINA,-,Tecolota CON CECINA,MENU ,-,2, $440.00 
230,Tacos_del_comal,-,Tacos del comal,-,-,156," $7,423.00 "
231,ZbPjIqLoSMpqimpCnQfP,-,Tortillas (docena),EXTRAS,-,154," $5,390.00 "
232,M9UxaIaFLyVOFayBywoe,-,Enfrijoladas Con Cecina,-,-,34," $7,344.00 "
233,sPtQ1MWfSiPL2XtVV6sV,-,Enchiladas Rojas De Pollo.,-,-,34," $7,344.00 "
234,ENCHILADAS_VERDES_DE,-,ENCHILADAS VERDES DE POLLO,-,-,34," $7,344.00 "
235,YZKCNpJDEV8UzViIu6AX,-,FILETE DE PESCADO EMPANIZADO,NAVIDAD,-,13," $5,370.00 "
236,1619020699155-CON 2 GUISOS,-,Quesadillas CON 2 GUISOS,DEL COMAL,-,17," $1,020.00 "
237,AJfcjuQDF8fvklTYafWt,-,Costilla CON Guarniciones,MENU ,-,7," $1,575.00 "
238,1619020699142-CON CECINA,-,Molletes CON CECINA,MENU ,-,3, $605.00 
239,lVj7ms0tgUBUYeg60y09,-,Torta De Arrachera,-,-,30," $7,008.00 "
240,Chilaquiles_con_poll,-,Chilaquiles con pollo,-,-,33," $6,897.00 "
241,1619020699154-1 PIEZA CECINA,-,Tacos 1 PIEZA CECINA,MENU ,-,96," $5,510.00 "
242,1619020699149-CON BISTEC,-,Tecolota CON BISTEC,MENU ,-,7," $1,200.00 "
243,1619020699152-INFANTILES CON BISTEC PICADO,-,Sopes INFANTILES CON BISTEC PICADO,DEL COMAL,-,4, $615.00 
244,ui2KWuWo1Hs616GtaWu8,-,Principal S / Guarnición,PAQUETES ,-,37," $3,780.00 "
245,"1619020699156-HUARACHE DE NOPAL CON HUEVO, HUITLACOCHE, FLOR, CHAMPIÑONES",-,"Huaraches HUARACHE DE NOPAL CON HUEVO, HUITLACOCHE, FLOR, CHAMPIÑONES",COMAL,-,," $6,780.00 "
246,1619020699154-ORDEN CECINA,-,Tacos ORDEN CECINA,MENU ,-,10," $1,748.00 "
247,2rk6XGUFjzkEiCFCDO5g,-,Enfrijoladas Oaxaqueñas,-,-,28," $6,608.00 "
248,1619020699146-DOBLADITAS VERDES CON COSTILLA,-,Enchiladas DOBLADITAS VERDES CON COSTILLA,MENU ,-,3, $660.00 
249,1619020699148-ENCHORIZADOS SENCILLOS,-,Chilaquiles ENCHORIZADOS SENCILLOS,MENU ,-,4, $620.00 
250,D5w7B2p7Ag4tinprLBXe,-,Molletes de Bistec,-,-,30," $6,480.00 "
251,AD0n4Jee03RmYfO13wUe,-,Orden de Frijoles,EXTRAS,-,23," $1,150.00 "
252,1619020699155-INFANTILES CON BISTEC PICADITO,-,Quesadillas INFANTILES CON BISTEC PICADITO,DEL COMAL,-,1, $165.00 
253,1619020699146-DOBLADITAS ROJAS CON ARRACHERA,-,Enchiladas DOBLADITAS ROJAS CON ARRACHERA,MENU ,-,2, $460.00 
254,SwP7Q2haoxpylRPzmSJ1-CHORIZO,-,Enfrijoladas CHORIZO,MENU ,-,2, $340.00 
255,1619020699151-MIXTA CON 1 GUISO,-,Gorditas MIXTA CON 1 GUISO,COMAL,-,20," $1,300.00 "
256,DYOKmziKRT2MhW6NYNWN-CECINA O ARRACHERA,-,ENFRIJOLADAS CECINA O ARRACHERA, ANAHUAC,-,," $6,332.50 "
257,3eWzWwFKV87j0sRVlv0i,-,Omelette,-,-,34," $6,331.00 "
258,VPw1CXomr0lIwEsrlVUo,-,Arroz 1/2 Lt,GUISOS POR KG,-,111," $6,105.00 "
259,1619020699156-HUARACHE DE NOPAL CON ARRACHERA,-,Huaraches HUARACHE DE NOPAL CON ARRACHERA,DEL COMAL,-,1, $185.00 
260,5Neaio1zvaAZRg1JaKo2,-,PAQUETE EJECUTIVO,PAQUETES ,-,44," $5,060.00 "
261,Torta_de_milanesa_de,-,Torta de milanesa de pollo,-,-,34," $6,188.00 "
262,60VoiWQ54ScAKiM0CMw8,-,COMBO CAFE,POSTRES,-,," $6,120.00 "
263,pXPfVJRZTffHRqCJR3F0,-,LIQUIDACION DE PEDIDOS,NAVIDAD,-,1," $6,043.50 "
264,1619020699145-QUESILLO,-,Tortas QUESILLO,MENU ,-,19," $2,965.00 "
265,1619020699142-TECOLOTAS CON BISTEC,-,Molletes TECOLOTAS CON BISTEC,MENU ,-,2, $385.00 
266,FpquhrNPWGrd14I1tU7Q,-,PAQUETE VIVA MEXICO,PAQUETES ,-,2," $5,960.00 "
267,1619020699149-MAYAS,-,Tecolota MAYAS,MENU ,-,2, $400.00 
268,1619020699149-ARRIEROS,-,Tecolota ARRIEROS,MENU ,-,4, $800.00 
269,0ZGGp4X9gkS1ijtVDAoK,-,Combo Bebidas,Bebidas ,-,," $5,865.00 "
270,1619020699154-ORDEN POLLO,-,Tacos ORDEN POLLO,MENU ,-,4, $600.00 
271,gkz5WiJoQk25AQ6bEFIE,-,PASTEL ANIVERSARIO,COMAL,-,1, $2.88 
272,wXcmjaELm9rOiBzTWKMB,-,PECHUGAS RELLENAS,NAVIDAD,-,13.5," $5,737.50 "
273,1619020699146-CECINA,-,Enchiladas CECINA,MENU ,-,14," $2,745.00 "
274,jGey4nS29SbF2YLZMUXl,-,Extra de Guiso de Comal,EXTRAS,-,22, $550.00 
275,zcCOiJREsVJjJjmZnMJR-MIERCOLES DE SUIZAS (DE POLLO O QUESO),-,COMBO CURRU MIERCOLES DE SUIZAS (DE POLLO O QUESO),PAQUETES ,-,9," $1,350.00 "
276,1619020699153-CON 2 GUISOS,-,Tacos CON 2 GUISOS,DEL COMAL,-,17, $680.00 
277,"1619020699156-HUARACHE DE NOPAL CON HUEVO, HUITLACOCHE, FLOR",-,"Huaraches HUARACHE DE NOPAL CON HUEVO, HUITLACOCHE, FLOR",DEL COMAL,-,1, $145.00 
278,i1Ya4VDn8HtL2F7zGrRN,-,PURE DE PAPA,NAVIDAD,-,21.5," $5,160.00 "
279,Huarache,-,Huarache,-,-,41," $5,326.00 "
280,lSsRxWJH4rDl5pqT2bDo,-,TACOS GOBERNADOR,NAVIDAD,-,11," $2,160.00 "
281,1619020699156-SENCILLO,-,Huaraches SENCILLO,DEL COMAL,-,10, $650.00 
282,pw1UfMaBhTqmFLOoXajr,-,LIQUIDACION DE  EVENTO VICKY ORTEGA,GUISOS POR KG,-,1," $5,270.00 "
283,d8YUUVPWIqwjuqi9KL6a-ARRACHERA O CECINA,-,TECOLOTA ARRACHERA O CECINA, ANAHUAC,-,," $5,236.00 "
284,MkUw378hp83Z9fd29gIP,-,Torta de Cecina,-,-,25," $5,215.00 "
285,1619020699149-CON CHORIZO,-,Tecolota CON CHORIZO,MENU ,-,4, $690.00 
286,0lQ82xDonxOJMRuiWfxt,-,Huevos Rancheros,-,-,31," $5,139.00 "
287,slyqnuc4jcLmtsVBMZy3,-,Huevo Extra,EXTRAS,-,5, $100.00 
288,1619020699156-HUARACHE CON HUEVO,-,Huaraches HUARACHE CON HUEVO,DEL COMAL,-,," $5,005.00 "
289,1619020699142-TECOLOTAS CON POLLO,-,Molletes TECOLOTAS CON POLLO,MENU ,-,3, $600.00 
290,abkva4J8tFk7YiDn1o8Q,-,Chilaquiles con Bistec,-,-,22," $4,858.00 "
291,zcCOiJREsVJjJjmZnMJR-MARTES DE TORTAS (MILANESA DE POLLO O RES),-,COMBO CURRU MARTES DE TORTAS (MILANESA DE POLLO O RES),PAQUETES ,-,2, $300.00 
292,0FXHqV9uLu9h0IrNR0NU-ARRACHERA,-,MOLLETES ARRACHERA,PRODUCTOS ANAHUAC,-,2, $348.00 
293,80ydBH6ep4fvce1R7UYK-CECINA  O ARRACHERA,-,CARNIVOROS CECINA  O ARRACHERA, ANAHUAC,-,3, $675.00 
294,1619020699151-CON 2 GUISOS,-,Gorditas CON 2 GUISOS,DEL COMAL,-,5, $300.00 
295,qsBr39LxFbNkid7B3EC0-INFANTILES DE RES,-,Flautas INFANTILES DE RES,MENU ,-,3, $360.00 
296,vQH4PJKts6cusyYCv1Zq,-,MILANESA DE FILETE DE RES A LA NAPOLITANA,ESPECIALES FIN DE SEMANA,-,," $4,650.00 "
297,1619020699146-ENCHORIZADAS CON CARNITAS O ARRACHERA,-,Enchiladas ENCHORIZADAS CON CARNITAS O ARRACHERA,MENU ,-,," $4,620.00 "
298,sEoTfpjxoKaAvCWrN0Y9,-,Chilaquiles Sencillos,-,-,35," $4,560.00 "
299,1619020699140-INFANTIL ESTRELLADOS O REVUELTOS,-,Huevos INFANTIL ESTRELLADOS O REVUELTOS,MENU ,-,1, $90.00 
300,TlrSkQJj2zzWCyjXfft3,-,Puerquito de Piloncillo,POSTRES,-,11, $660.00 
301,1619020699166,-,Brownies,POSTRES,-,18," $1,080.00 "
302,MZTVlaha8LCfnbEdB3e0,-,Enchiladas Verdes De Pollo,-,-,20," $4,333.00 "
303,1619020699154-ORDEN BISTEC,-,Tacos ORDEN BISTEC,MENU ,-,2, $290.00 
304,1619020699145-POLLO,-,Tortas POLLO,MENU ,-,10," $1,500.00 "
305,ILtN9PT4p3dXgXuPiEEV-ARRACHERA,-,CHILAQUILES ARRACHERA,PRODUCTOS ANAHUAC,-,," $4,125.00 "
306,1619020699145-VEGETARIANA,-,Tortas VEGETARIANA,MENU ,-,9," $1,415.00 "
307,1619020699149-VEGETARIANOS,-,Tecolota VEGETARIANOS,MENU ,-,2, $290.00 
308,I5rpYT574YGYJ4vwUSFI,-,Torta De Cochinita Pibil,-,-,18," $3,976.00 "
309,1619020699150-INFANTIL DE PECHUGA O BISTEC A LA PLANCHA,-,Milanesas Y Pechugas INFANTIL DE PECHUGA O BISTEC A LA PLANCHA,MENU ,-,6, $660.00 
310,oklHu6zbamNTpUG6WJvr,-,1 pz flauta de papa,MENU ,-,4, $200.00 
311,Chilaquiles_con_huev,-,Chilaquiles con huevo,-,-,24," $3,888.00 "
312,Kz0Z1V8fWGUfBdJCWNJk,-,COSTILLA 200 GRS,EXTRAS,-,13," $1,560.00 "
313,jhgsGlvpWZO61uBcMWKN,-,Omelette,-,-,21," $3,836.00 "
314,1619020699146-DOBLADITAS VERDES CON BISTEC,-,Enchiladas DOBLADITAS VERDES CON BISTEC,MENU ,-,1, $165.00 
315,Sope,-,Sope,-,-,47," $3,807.00 "
316,qsBr39LxFbNkid7B3EC0-INFANTILES DE PAPA,-,Flautas INFANTILES DE PAPA,MENU ,-,2, $180.00 
317,5pqFu0sea9KmjElLWeYh,-,Agua Del Día,-,-,84," $3,776.00 "
318,RnZdNdJLdQ6lJPScqOdz,-,pambazo papa con chorizo,MENU ,-,26," $1,690.00 "
319,1619020699150-INFANTIL DE RES,-,Milanesas Y Pechugas INFANTIL DE RES,MENU ,-,3, $345.00 
320,jByvdj2jYpYiMAE97yGn,-,PEDIDO IVETTE PEREZ,PAQUETES ,-,4," $3,670.00 "
321,Agua_del_dia,-,Agua del dia,-,-,79," $3,634.00 "
322,YTQghEL220Onpn84Ipza,-,Enfrijoladas Rancheras,-,-,15," $3,540.00 "
323,P8S4EyzqcXmUJpVurx3J,-,Enchiladas Rojas De Queso,-,-,21," $3,528.00 "
324,ufnPNtwWiNVpjbq2Me0Z,-,Molletes con Chorizo,-,-,16," $3,456.00 "
325,80ydBH6ep4fvce1R7UYK-NACHOS DE ARRACHERA,-,CARNIVOROS NACHOS DE ARRACHERA, ANAHUAC,-,," $3,191.00 "
326,1619020699146-ENCHORIZADAS DE HUEVO O QUESO,-,Enchiladas ENCHORIZADAS DE HUEVO O QUESO,MENU ,-,2, $320.00 
327,AMmJky377vKEhL27mXtY,-,Enfrijoladas Sencillas,-,-,23," $3,105.00 "
328,funbeNQUSJoUwLPpyGsy-BISTEC,-,"Huarache (bistec,pollo O Chorizo) BISTEC",DEL COMAL,-,," $3,080.00 "
329,1619020699155-INFANTILES SENCILLAS (3),-,Quesadillas INFANTILES SENCILLAS (3),DEL COMAL,-,1, $85.00 
330,TORTA_DE_MILANESA_DE,-,TORTA DE MILANESA DE POLLO O RES,-,-,14," $3,024.00 "
331,zcCOiJREsVJjJjmZnMJR-LUNES DE ENFRIJOLADAS (DE POLLO O QUESO),-,COMBO CURRU LUNES DE ENFRIJOLADAS (DE POLLO O QUESO),PAQUETES ,-,6, $900.00 
332,1619020699142-LOS VEGETARIANOS,-,Molletes LOS VEGETARIANOS,MENU ,-,," $2,985.00 "
333,D7bubpe0c7QDUnBKdU9x,-,Proteina 100 Gr (para Platillo),EXTRAS,-,4, $380.00 
334,iBWsDkL5Yd9zsnRIUZfP-INFANTILES CON POLLO,-,Entomatadas INFANTILES CON POLLO,MENU ,-,," $2,940.00 "
335,1619020699154-ORDEN CARNITAS,-,Tacos ORDEN CARNITAS,MENU ,-,1, $155.00 
336,1619020699148-ENCHORIZADOS CON HUEVO,-,Chilaquiles ENCHORIZADOS CON HUEVO,MENU ,-,," $2,880.00 "
337,UQKliOBMH04edpwVl9sz,-,TOSTADAS POLLO NATURAL,COMAL,-,," $2,880.00 "
338,R1YFAXi70K0PWM18jw4e,-,Enfrijoladas Veracruzanas,-,-,12," $2,832.00 "
339,8o7pbFIp3DwqWColcrK3,-,Enfrijoladas Con Bistec,-,-,13," $2,808.00 "
340,Qtpv0HGjn7haotwxUNcj,-,PARRILLADA,ESPECIALES FIN,-,2, $559.00 
341,TJ5SRtGn8RKModhSll68-ARRACHERA O CECINA,-,DOBLADITAS ARRACHERA O CECINA, ANAHUAC,-,1, $170.00 
342,WlptcjjJjA74M78UBrxG,-,Jarra de Agua,Bebidas ,-,," $2,700.00 "
343,AxTPSupIuOWxlNpjOiPk,-,Enfrijoladas Con Huevo,-,-,16," $2,688.00 "
344,tx00I8tIUHb4GpDcu1pv,-,Enfrijoladas Con Arrachera,-,-,11," $2,596.00 "
345,iBWsDkL5Yd9zsnRIUZfP-CON POLLO,-,Entomatadas CON POLLO,MENU ,-,1, $150.00 
346,1619020699142-TECOLOTA CON CHORIZO,-,Molletes TECOLOTA CON CHORIZO,MENU ,-,," $2,585.00 "
347,1UbJ24oMm1nxfl4kv6Yz,-,Torta Oaxaqueña,-,-,10," $2,564.00 "
348,WjXVPHMEceTFOPBLOlp5,-,Agua Del Día,-,-,58," $2,552.00 "
349,Flautas_de_papa,-,Flautas de papa,-,-,17," $2,550.00 "
350,BqD3hUQ1nm2aXpswDxmy,-,Salsa 1/2 Lt,GUISOS POR KG,-,26," $1,950.00 "
351,FmjAhtAhpz1AiSBcFj4J,-,Combo Flautas De Papa + Coca-cola Origin,-,-,12," $2,460.00 "
352,mDTMzDkUIbTaO4wv0DHl-ARRACHERA,-,QUESADILLA ARRACHERA,PRODUCTOS ANAHUAC,-,," $2,312.00 "
353,c1qAnoYpyV3DX20hkTyM-BOING 500ml,-,Refrescos BOING 500ml,Bebidas ,-,," $2,300.00 "
354,cMCHjJg8BBIUwaZ7KPEK,-,PECHUGA CAPRESSE,ESPECIALES FIN DE SEMANA,-,4," $1,140.00 "
355,1619020699148-ENCHORIZADOS CON POLLO,-,Chilaquiles ENCHORIZADOS CON POLLO,MENU ,-,2, $410.00 
356,80ydBH6ep4fvce1R7UYK-FAJITAS DE ARRACHERA,-,CARNIVOROS FAJITAS DE ARRACHERA, ANAHUAC,-,," $2,250.00 "
357,98D6tnV3FKDdRbDmTDNw,-,PROMO DE MIERCOLES,PAQUETES ,-,2, $250.00 
358,Chilaquiles_con_ceci,-,Chilaquiles con cecina,-,-,10," $2,220.00 "
359,KJoFvtyhuFE2J1cwnUwM,-,Huarache,-,-,17," $2,176.00 "
360,lrJG6mfDGvX0twxKbmTn,-,torta cubana,MENU ,-,," $2,120.00 "
361,rGBiBFk0CDU830j9SBLU,-,Tacos Del Comal,-,-,45," $2,115.00 "
362,O8qnaxOzyQfMBNw3PBvh,-,Pollo,EXTRAS,-,9, $495.00 
363,16iFauKarcwbTycBDUCR,-,Chilaquiles Con Bistec,-,-,10," $2,090.00 "
364,sAVYiL8Z6mU6KUyLyecA,-,pambazo carnitas,PAQUETES ,-,12," $1,185.00 "
365,7zzdRcGwaCpblTeJtdca,-,Enfrijoladas Yucatecas,-,-,9," $2,061.00 "
366,oP3leqClJkFp2ypKUBus,-,Huevos Revolcados,-,-,11," $2,057.00 "
367,Enfrijoladas_sencill,-,Enfrijoladas sencillas,-,-,15," $2,040.00 "
368,Flautas_de_Res,-,Flautas de Res,-,-,10," $2,000.00 "
369,1619020699140-OMELETTE LIGERO DE JAMÓN O TOCINO,-,Huevos OMELETTE LIGERO DE JAMÓN O TOCINO,MENU ,-,," $1,995.00 "
370,6jiN2NBUSANKEko37ki6,-,PAQUETE  MARIACHI,PAQUETES ,-,1," $1,980.00 "
371,1619020699155-INFANTILES CON ARRACHERA PICADITA,-,Quesadillas INFANTILES CON ARRACHERA PICADITA,DEL COMAL,-,," $1,980.00 "
372,mzqlf8q6WqLiys4KV5pD,-,LIMONADA,Bebidas ,-,," $1,950.00 "
373,Enfrijoladas_con_pol,-,Enfrijoladas con pollo,-,-,9," $1,944.00 "
374,kvaSKk9zCVl3YS3fpsae,-,CONSOME DE POLLO, ANAHUAC,-,5, $730.00 
375,Chilaquiles_sencillo,-,Chilaquiles sencillos,-,-,15," $1,920.00 "
376,iCt8TeYxqwmARkk7zlj8,-,Frijoles 1/2 Lt,GUISOS POR KG,-,24," $1,560.00 "
377,JisfBwRkIc14qtKuMM9A,-,ROMERITOS CON TORTITAS,NAVIDAD,-,1, $265.00 
378,Cafe_de_olla,-,Café de olla,-,-,40," $1,840.00 "
379,Chilaquiles_mayas,-,Chilaquiles mayas,-,-,8," $1,832.00 "
380,1619020699146-ARRACHERA,-,Enchiladas ARRACHERA,MENU ,-,," $1,820.00 "
381,1619020699154-1 PIEZA CARNITAS,-,Tacos 1 PIEZA CARNITAS,MENU ,-,6, $320.00 
382,bI3h9Plzk6BtCxXM9Eze,-,OAXAQUEÑO,ESPECIALES FIN DE SEMANA,-,1, $150.00 
383,1zwMV1mYZc0d19WBOHxw,-,Combo Flautas Mixtas + Coca-cola Origina,-,-,7," $1,813.00 "
384,nBqpxUfBobmOfu478MNE,-,Coca-cola Original 355 Ml,-,-,36," $1,800.00 "
385,4D7yjvlzOYrwoF6PUE6B,-,TAPIOCA,POSTRES,-,2, $120.00 
386,1619020699152-INFANTILES CON PICADILLO (3),-,Sopes INFANTILES CON PICADILLO (3),DEL COMAL,-,8, $840.00 
387,8aCviFl4aYRJrhPShdyc,-,Chilaquiles Vegetarianos,-,-,9," $1,769.00 "
388,1619020699152-CON 2 GUISOS,-,Sopes CON 2 GUISOS,DEL COMAL,-,1, $70.00 
389,451Cbp4y8mSYDuonL7nY,-,Torta De Chorizo,-,-,12," $1,740.00 "
390,ENCHILADAS_ROJAS_DE_,-,ENCHILADAS ROJAS DE POLLO,-,-,8," $1,728.00 "
391,Huarache_Especial,-,Huarache Especial,-,-,8," $1,728.00 "
392,1619020699155-INFANTILES CON POLLO,-,Quesadillas INFANTILES CON POLLO,DEL COMAL,-,3, $400.00 
393,5Wrv0Ypi2VvBQNUYTZrM,-,TINGA DE POLLO,GUISOS POR KG,-,3.5," $1,330.00 "
394,DYOKmziKRT2MhW6NYNWN-LAS OAXAQUEÑAS,-,ENFRIJOLADAS LAS OAXAQUEÑAS, ANAHUAC,-,," $1,683.00 "
395,7c0V5jc1TNdUtCxOyMoU,-,Enchiladas Verdes De Queso,-,-,10," $1,680.00 "
396,Chilaquiles_con_arra,-,Chilaquiles con arrachera,-,-,7," $1,652.00 "
397,CtA4NHASEmsVt6OPD41E,-,Coca-cola Zero 350 Ml,-,-,33," $1,650.00 "
398,1619020699146-ENCHORIZADAS DE COSTILLA DE RES,-,Enchiladas ENCHORIZADAS DE COSTILLA DE RES,MENU ,-,," $1,630.00 "
399,1619020699148-ENCHORIZADOS CON CECINA,-,Chilaquiles ENCHORIZADOS CON CECINA,MENU ,-,," $1,610.00 "
400,BvulHN3C2rPc8HhspdHl,-,FLAN NAPOLITANO,POSTRES,-,5, $330.00 
401,mDTMzDkUIbTaO4wv0DHl-CECINA,-,QUESADILLA CECINA, ANAHUAC,-,," $1,564.00 "
402,1619020699156-HUARACHE CON DOS HUEVOS,-,Huaraches HUARACHE CON DOS HUEVOS,DEL COMAL,-,," $1,560.00 "
403,IPgCHJML348TqnIWz0fb,-,Enfrijoladas Juana Gallo,-,-,5," $1,515.00 "
404,IzUcV2keNhb2z4kjRh8H,-,CHURROS,POSTRES,-,," $1,510.00 "
405,bAWPnTlmdFFQsnD6vLeC,-,Huevos Divorciados,-,-,9," $1,458.00 "
406,1619020699146-ENCHORIZADAS SENCILLAS,-,Enchiladas ENCHORIZADAS SENCILLAS,MENU ,-,," $1,450.00 "
407,Coca-Cola,-,Coca-Cola,-,-,31," $1,426.00 "
408,V9Ue3JmJaWbFH56UPG7T,-,Huarache Especial,-,-,6," $1,416.00 "
409,d8YUUVPWIqwjuqi9KL6a-DEL PATRON,-,TECOLOTA DEL PATRON, ANAHUAC,-,1, $200.00 
410,4lXQCZPCkiBEpIwIkUIi,-,FILETE DE RES MECHADO,NAVIDAD,-,2," $1,390.00 "
411,7cLeEQBhlw2BRUinvxkI,-,La Cazuela De La Abuela,-,-,7," $1,365.00 "
412,RXAvHB0Wc7sL5UAA3plf-LA OAXAQUEÑA,-,TORTAS LA OAXAQUEÑA, ANAHUAC,-,," $1,360.00 "
413,PY2IaFCpZs0bGeRsGqoz,-,Café De Olla,-,-,27," $1,350.00 "
414,ejMp5xJxx3HozuEdSHC6,-,Crema,EXTRAS,-,7, $105.00 
415,f5S7P8Zowjn3uCHR34LX,-,Molletes de Huevo,-,-,7," $1,274.00 "
416,1619020699154-ORDEN COCHINITA,-,Tacos ORDEN COCHINITA,MENU ,-,1, $145.00 
417,80ydBH6ep4fvce1R7UYK-PECHUGA O BISTEC 200 GRS,-,CARNIVOROS PECHUGA O BISTEC 200 GRS, ANAHUAC,-,1, $205.00 
418,vOhfb1iVrvNT68sCwuRl,-,EXTRA CECINA,EXTRAS,-,2, $240.00 
419,DYOKmziKRT2MhW6NYNWN-DEL PATRON,-,ENFRIJOLADAS DEL PATRON, ANAHUAC,-,," $1,200.00 "
420,1619020699154-1 PIEZA COCHINITA,-,Tacos 1 PIEZA COCHINITA,MENU ,-,2, $100.00 
421,mDTMzDkUIbTaO4wv0DHl-CARNITAS,-,QUESADILLA CARNITAS, ANAHUAC,-,," $1,156.00 "
422,1619020699148-ENCHORIZADOS CON ARRACHERA,-,Chilaquiles ENCHORIZADOS CON ARRACHERA,MENU ,-,," $1,150.00 "
423,Enfrijoladas_con_cec,-,Enfrijoladas con cecina,-,-,5," $1,080.00 "
424,jxIckLSPySNKKCsYJoBX,-,Molletes de Pollo,-,-,5," $1,080.00 "
425,Sope_Especial,-,Sope Especial,-,-,11," $1,078.00 "
426,FHrg62kRctViBjnn4Y4y,-,Combo Huevos A La Mexicana + Coca-cola O,-,-,6," $1,068.00 "
427,"1619020699146-ENCHORIZADAS DE POLLO,BISTEC O CECINA",-,"Enchiladas ENCHORIZADAS DE POLLO,BISTEC O CECINA",MENU ,-,," $1,065.00 "
428,iBWsDkL5Yd9zsnRIUZfP-CON QUESO,-,Entomatadas CON QUESO,MENU ,-,," $1,050.00 "
429,Os8FCN9gv5P3nw4sICtV,-,Combo Chilaquiles Con Pollo + Coca-cola ,-,-,4," $1,036.00 "
430,Huevos_a_la_mexicana,-,Huevos a la mexicana,-,-,8," $1,024.00 "
431,DYOKmziKRT2MhW6NYNWN-CECINA,-,ENFRIJOLADAS CECINA,PRODUCTOS ANAHUAC,-,1, $165.00 
432,9RqniX8syBAuzI4KFkll,-,PAQUETE INDEPENDENCIA,PAQUETES ,-,1, $980.00 
433,Huevos_revueltos_con,-,Huevos revueltos con jamón o tocino.,-,-,6, $972.00 
434,Z48mmsxdX88lG3NtED1p,-,TACOS RES,ESPECIALES FIN DE SEMANA,-,, $970.00 
435,1619020699140-LIGHT RANCHEROS,-,Huevos LIGHT RANCHEROS,MENU ,-,, $945.00 
436,1619020699148-ENCHORIZADOS CON CARNITAS,-,Chilaquiles ENCHORIZADOS CON CARNITAS,MENU ,-,, $920.00 
437,1619020699154-1 PIEZA ARRACHERA,-,Tacos 1 PIEZA ARRACHERA,MENU ,-,2, $100.00 
438,OBghELimPNDVoDB3YR0x,-,SALSA ENCHORIZADA,EXTRAS,-,3, $120.00 
439,Enfrijoladas_yucatec,-,Enfrijoladas yucatecas,-,-,4, $916.00 
440,Torta_de_Cochinita_p,-,Torta de Cochinita pibil,-,-,5, $910.00 
441,1619020699154-1 PIEZA BISTEC,-,Tacos 1 PIEZA BISTEC,MENU ,-,11, $550.00 
442,1619020699154-ORDEN DE CHORIZO,-,Tacos ORDEN DE CHORIZO,MENU ,-,, $900.00 
443,xDE43gMGHLxrkZZV80Cy,-,Vaso de Leche,Bebidas ,-,, $855.00 
444,XON9XDIgr5kHs3KOl62G,-,100 grs. de Arrachera,EXTRAS,-,, $840.00 
445,y0aQcOy2CshTDcd81o8n,-,1 kg de cochinita,GUISOS POR KG,-,2, $840.00 
446,1619020699146-DOBLADITAS ROJAS CON BISTECK,-,Enchiladas DOBLADITAS ROJAS CON BISTECK,MENU ,-,, $825.00 
447,1619020699152-INFANTILES CON ARRACHERA PICADA,-,Sopes INFANTILES CON ARRACHERA PICADA,DEL COMAL,-,, $825.00 
448,1619020699155-INFANTILES CON CECINA PICADITA,-,Quesadillas INFANTILES CON CECINA PICADITA,DEL COMAL,-,, $825.00 
449,Torta_de_Arrachera,-,Torta de Arrachera,-,-,4, $808.00 
450,1oCIWBQm0rQ7sZtZQcj5,-,Guarnición,PAQUETES ,-,10, $500.00 
451,qYVybetjGOmBN8nrE7LA,-,Combo Enchiladas Rojas De Pollo. + Sprit,-,-,3, $798.00 
452,hLELlKPgp46anwNofaRP,-,ENSALADA,EXTRAS,-,3, $180.00 
453,qwuWSxdTVmQWKR1NDxbw-ARRACHERA,-,TECOLOTES ARRACHERA,PRODUCTOS ANAHUAC,-,, $756.00 
454,YQMTlYKzB5ZhaD0vx9YM-CECINA,-,HUARACHES CECINA, ANAHUAC,-,, $750.00 
455,VPRtMFRycN3CimYZkkVg,-,PAY DE QUESO OREO,POSTRES,-,2, $140.00 
456,7r2vRlGVKwgefLb1PvSN,-,CHICHARRON PRENSADO,GUISOS POR KG,-,1, $380.00 
457,Enfrijoladas_con_bis,-,Enfrijoladas con bistec,-,-,3, $648.00 
458,1619020699152-INFANTILES CON CHORIZO,-,Sopes INFANTILES CON CHORIZO,COMAL,-,, $630.00 
459,Chilaquiles_con_bist,-,Chilaquiles con bistec,-,-,3, $627.00 
460,aTy0a2yDmxnRP3MV5M18-CECINA,-,SOPES CECINA,PRODUCTOS ANAHUAC,-,1, $77.00 
461,aTy0a2yDmxnRP3MV5M18-ARRACHERA,-,SOPES ARRACHERA, ANAHUAC,-,, $616.00 
462,Torta_Oaxaqueña,-,Torta Oaxaqueña,-,-,3, $606.00 
463,1619020699145-DE PASTOR,-,Tortas DE PASTOR,MENU ,-,1, $145.00 
464,YGvN91UAqvOo7F7ZGOJ2,-,TOTOPO HORNEADO DE NOPAL,EXTRAS,-,1, $30.00 
465,1619020699148-ENCHORIZADOS CON COSTILLA 200GRS,-,Chilaquiles ENCHORIZADOS CON COSTILLA 200GRS,MENU ,-,, $560.00 
466,qwuWSxdTVmQWKR1NDxbw-CECINA,-,TECOLOTES CECINA,PRODUCTOS ANAHUAC,-,, $560.00 
467,ViwhrgUxOUVXiFRixJ2k-CARNITAS,-,GORDITAS CARNITAS, ANAHUAC,-,1, $68.00 
468,WzfB4283jTAcMeumluoa,-,Combo Chilaquiles Sencillos + Coca-cola ,-,-,3, $534.00 
469,1619020699155-INFANTILES CON PICADILLO,-,Quesadillas INFANTILES CON PICADILLO,DEL COMAL,-,, $525.00 
470,0FXHqV9uLu9h0IrNR0NU-CECINA,-,MOLLETES CECINA,PRODUCTOS ANAHUAC,-,1, $165.00 
471,Msy7LwrqubMOzbUTHINm,-,Coca-cola Light 355 Ml,-,-,10, $500.00 
472,QDzRuu6ZqUYHx9cBbWGb,-,Huevos Estrellados,-,-,4, $498.00 
473,ILtN9PT4p3dXgXuPiEEV-CECINA,-,CHILAQUILES CECINA,PRODUCTOS ANAHUAC,-,, $495.00 
474,1619020699146-DE CARNITAS,-,Enchiladas DE CARNITAS,MENU ,-,, $495.00 
475,enOERDV9cJWyQe4Svxh6,-,PAY DE QUESO FRUTOS ROJOS,POSTRES,-,, $490.00 
476,oHQmEMls5GOqUqd3ZgKp,-,Sope,-,-,6, $486.00 
477,KHROIqRokCqKjmMy2tkp,-,CHORIZO,EXTRAS,-,, $475.00 
478,Enfrijoladas_con_arr,-,Enfrijoladas con arrachera,-,-,2, $472.00 
479,xVvaXmWNHukp7hhL7qHg,-,Huevos Revueltos,-,-,4, $468.00 
480,RXAvHB0Wc7sL5UAA3plf-CECINA,-,TORTAS CECINA, ANAHUAC,-,, $467.00 
481,Chilaquiles_arrieros,-,Chilaquiles arrieros,-,-,2, $458.00 
482,hblkyGWqumrFY7puWBW4,-,ARRACHERA,PRODUCTOS ANAHUAC,-,, $450.00 
483,LkpQ3jeCe1jHQIvBUPY8,-,Queso Panela,EXTRAS,-,1, $25.00 
484,funbeNQUSJoUwLPpyGsy-POLLO,-,"Huarache (bistec,pollo O Chorizo) POLLO",DEL COMAL,-,, $420.00 
485,1619020699148-ENCHORIZADOS CON BISTEC,-,Chilaquiles ENCHORIZADOS CON BISTEC,MENU ,-,, $410.00 
486,ViwhrgUxOUVXiFRixJ2k-ARRACHERA,-,GORDITAS ARRACHERA, ANAHUAC,-,, $408.00 
487,H40lwMs2L8tODkvrhocy-ARRACHERA,-,CHILAQUILES ENCHORIZADOS ARRACHERA, ANAHUAC,-,, $400.00 
488,La_Cazuela_de_la_abu,-,La Cazuela de la abuela,-,-,2, $390.00 
489,ZYjR0OvjCsqmqpj7AI5s,-,PAQUETE CON PLATO FUERTE DE POLLO O CERDO,PAQUETES ,-,1, $380.00 
490,rv2gBqDWOEsiOuDzw9rB,-,PICADILLO,GUISOS POR KG,-,1, $380.00 
491,lYarWfYhrVdLo95WwwRn,-,Tocino,EXTRAS,-,, $375.00 
492,1619020699142-MILANESA DE POLLO O RES,-,Molletes MILANESA DE POLLO O RES,MENU ,-,1, $185.00 
493,funbeNQUSJoUwLPpyGsy-CHORIZO,-,"Huarache (bistec,pollo O Chorizo) CHORIZO",COMAL,-,, $370.00 
494,yNi606rJn3OyCgkuvksn,-,CARNITAS EN MORITA,GUISOS POR KG,-,0.5, $190.00 
495,oi1W148c2cQBRzb7ku0U,-,Sope Especial,-,-,3, $364.50 
496,d8YUUVPWIqwjuqi9KL6a-ARRACHERA,-,TECOLOTA ARRACHERA,PRODUCTOS ANAHUAC,-,, $350.00 
497,MYmdEhlDyhsVwU7cdpHW,-,Queso Fresco,EXTRAS,-,, $345.00 
498,X9SCSk1kNGYT6oDW4A3c,-,NACHOS DE ARRACHERA,PRODUCTOS ANAHUAC,-,1, $170.00 
499,ENCHILADAS_VERDES_DE_97320,-,ENCHILADAS VERDES DE QUESO,-,-,2, $336.00 
500,1619020699152-INFANTILES CON CECINA PICADA,-,Sopes INFANTILES CON CECINA PICADA,DEL COMAL,-,, $330.00 
501,Huevos_divorciados,-,Huevos divorciados,-,-,2, $324.00 
502,1619020699146-DOBLADITAS VERDES CON POLLO,-,Enchiladas DOBLADITAS VERDES CON POLLO,MENU ,-,, $320.00 
503,5ouYvB6SY6pZKwS1Z3yT,-,1KG RAJAS CON CREMA,GUISOS POR KG,-,1, $320.00 
504,2w3Hr5gYHJMwc7aP2I4W,-,TORTILLAS 1/2 (DOCENA),EXTRAS,-,9, $180.00 
505,YQMTlYKzB5ZhaD0vx9YM-ARRACHERA,-,HUARACHES ARRACHERA,PRODUCTOS ANAHUAC,-,, $300.00 
506,G9hCYJ68BDxOYKeaGvet,-,De Pastor,-,-,2, $290.00 
507,Chilaquiles_del_patr,-,Chilaquiles del patrón,-,-,1, $290.00 
508,iBWsDkL5Yd9zsnRIUZfP-INFANTILES CON QUESO PANELA,-,Entomatadas INFANTILES CON QUESO PANELA,MENU ,-,, $285.00 
509,MOLLETES_CON_ARRACHE,-,MOLLETES CON ARRACHERA O CECINA,-,-,1, $277.00 
510,1619020699145-TORTA CUBANA,-,Tortas TORTA CUBANA,MENU ,-,1, $250.00 
511,yuzHSILxP7Jgrluo991O,-,100GR CHICHARRON NATURAL,EXTRAS,-,, $250.00 
512,3izubqJZ6x9ot4ganNWz,-,CHICHARRON EN SALSA VERDE,GUISOS POR KG,-,, $245.00 
513,Huevos_estrellados,-,Huevos estrellados,-,-,2, $242.00 
514,SKi2XIhGqGbL9b8MkAxl,-,Quesillo para Comal,EXTRAS,-,4, $40.00 
515,Enfrijoladas_oaxaque,-,Enfrijoladas oaxaqueñas,-,-,1, $236.00 
516,Enfrijoladas_rancher,-,Enfrijoladas rancheras,-,-,1, $236.00 
517,aTy0a2yDmxnRP3MV5M18-CARNITAS,-,SOPES CARNITAS, ANAHUAC,-,, $231.00 
518,vp0cbFF2G0oIPHtdMolw,-,PAN DE DULCE,POSTRES,-,, $225.00 
519,8etGL9XrEyJejM3EzkJt,-,PALETAS DE HIELO GOURMET,POSTRES,-,, $225.00 
520,mz6Mm4rUsCPjSC37ab0Z,-,Refresco,-,-,5, $220.00 
521,FiHADUxg6QAB3BaVT75L,-,RACK DE COSTILLAS,MENU ,-,, $220.00 
522,ZbIImd2vtAlT6TPDXDXR,-,GELATINA OREO,POSTRES,-,1, $70.00 
523,9a2NuWdkanhT2zghGs1S,-,VASO DE AGUA,Bebidas ,-,, $210.00 
524,W4JmWvpNS4siJtlzgvTV,-,FLAN,POSTRES,-,1, $50.00 
525,Torta_de_Cecina,-,Torta de Cecina,-,-,1, $195.00 
526,SwP7Q2haoxpylRPzmSJ1-CON COSTILLA,-,Enfrijoladas CON COSTILLA,MENU ,-,, $195.00 
527,Omelet_de_jamón_y_qu,-,Omelet de jamón y queso.,-,-,1, $182.00 
528,WpSMyMCNKgBuZNJzgZm3,-,Quesillo para Huarache,EXTRAS,-,4, $60.00 
529,TJ5SRtGn8RKModhSll68-CECINA,-,DOBLADITAS CECINA,PRODUCTOS ANAHUAC,-,, $170.00 
530,TJ5SRtGn8RKModhSll68-ARRACHERA,-,DOBLADITAS ARRACHERA,PRODUCTOS ANAHUAC,-,1, $170.00 
531,ENCHILADAS_ROJAS_DE__54013,-,ENCHILADAS ROJAS DE QUESO,-,-,1, $168.00 
532,Enfrijoladas_con_hue,-,Enfrijoladas con huevo,-,-,1, $168.00 
533,DYOKmziKRT2MhW6NYNWN-ARRACHERA,-,ENFRIJOLADAS ARRACHERA,PRODUCTOS ANAHUAC,-,, $165.00 
534,t5SPjpV37ee72VcejSQb,-,pambazo papa,MENU ,-,, $165.00 
535,Huevos_rancheros,-,Huevos rancheros,-,-,1, $162.00 
536,YQMTlYKzB5ZhaD0vx9YM-CARNITAS,-,HUARACHES CARNITAS, ANAHUAC,-,, $150.00 
537,ojA0meGwQDWEyyM0XY4B,-,Sprite Lima Limón 355 Ml,-,-,3, $150.00 
538,RXAvHB0Wc7sL5UAA3plf-COCHINITA,-,TORTAS COCHINITA,PRODUCTOS ANAHUAC,-,, $140.00 
539,ViwhrgUxOUVXiFRixJ2k-CECINA,-,GORDITAS CECINA, ANAHUAC,-,1, $68.00 
540,iJeEdnOszq7nhTHwNjI9,-,PAPA CON CHORIZO,GUISOS POR KG,-,, $125.00 
541,9FAe0g0FBosCuJBGyBNs,-,Jumex,Bebidas ,-,, $105.00 
542,Aq3Uust2hTA3gOScEMig,-,Huevos Cacheteados,-,-,1, $100.00 
543,bb6jU7kRCHrtgEVsrJ3k,-,CLARAS,EXTRAS,-,, $100.00 
544,2uy6CZXVvQgYAFRYh7Kq,-,JUGO DE MANDARINA,Bebidas ,-,, $85.00 
545,TUi1jzCYyTUuKcrfug4e,-,Jamon,EXTRAS,-,, $75.00 
546,2eTKDc1Hzq6nBqQx3XTw,-,Leche,EXTRAS,-,, $60.00 
