CURRUCUCU SUCURSAL EL REFUGIO. 137DS8GA3HCR,,,,,,,
Ventas de Productos,,,,,,,
"Lista de Productos en las ventas de entre 0:00 AM, sábado 12 de julio de 2025 y 0:00 AM, lunes 13 de julio de 2026",,,,,,,
"Fecha de exportación: 2:53 PM, miércoles 15 de julio de 2026",,,,,,,
#,ID Alfanumérico,Código (SKU),Nombre,Categoría,Subcategoría,Cantidad, Importe 
1,7FwSjyxeaJCqHqPhIOHo,-,Paquete Currucucu,PAQUETES ,-,4671," $700,650.00 "
2,AVOjCcO3JR7Pfm63GVxC,-,DSV COMIDA,PAQUETES ,-,6654," $926,236.80 "
3,1619020699155-CON 1 GUISO,-,Quesadillas CON 1 GUISO,DE NUESTRO COMAL,-,1746," $88,122.50 "
4,1619020699155,-,Quesadillas CON 1 GUISO,DE NUESTRO COMAL,-,1506," $78,689.50 "
5,1619020699148,-,Chilaquiles DE POLLO,MENU ,-,398," $49,798.00 "
6,1619020699158,-,Agua Del Dia,Bebidas ,-,313," $12,842.00 "
7,1619020699159,-,JUGO DE NARANJA,Bebidas ,-,381," $19,050.00 "
8,1619020699151-CON 1 GUISO,-,Gorditas CON 1 GUISO,DE NUESTRO COMAL,-,1181," $60,775.00 "
9,1619020699151,-,Gorditas CON 1 GUISO,DE NUESTRO COMAL,-,966," $50,095.50 "
10,1619020699156,-,Huaraches ESPECIAL,DE NUESTRO COMAL,-,138," $18,234.50 "
11,1619020699140,-,Huevos A LA MEXICANA,MENU ,-,89," $11,110.25 "
12,1619020699146,-,Enchiladas SUIZAS DE POLLO,MENU ,-,177," $29,665.00 "
13,qsBr39LxFbNkid7B3EC0,-,Flautas DE PAPA,MENU ,-,280," $34,894.50 "
14,1619020699152,-,Sopes CON 1 GUISO,DE NUESTRO COMAL,-,379," $24,183.00 "
15,1619020699153,-,Tacos CON 1 GUISO,DE NUESTRO COMAL,-,606," $22,846.00 "
16,cDOu9zXVilEPeqZqBpPe-CAFE DE OLLA,-,Cafe CAFE DE OLLA,Bebidas ,-,119," $4,970.00 "
17,1619020699148-DE POLLO,-,Chilaquiles DE POLLO,MENU ,-,238," $32,905.00 "
18,cDOu9zXVilEPeqZqBpPe,-,Cafe CAFE DE OLLA,Bebidas ,-,114," $4,868.00 "
19,SwP7Q2haoxpylRPzmSJ1,-,Enfrijoladas CON POLLO,MENU ,-,118," $17,594.00 "
20,1619020699146-SUIZAS DE POLLO,-,Enchiladas SUIZAS DE POLLO,MENU ,-,89," $16,249.00 "
21,1619020699153-CON 1 GUISO,-,Tacos CON 1 GUISO,DE NUESTRO COMAL,-,605," $21,415.00 "
22,c1qAnoYpyV3DX20hkTyM,-,Refrescos COCA COLA REGULAR,Bebidas ,-,119," $5,008.00 "
23,yCQJ7J7zTuUbi1Kwugqc,-,POZOLE GRANDE,MENU ,-,249," $41,697.00 "
24,1619020699145,-,Tortas LA OAXAQUEÑA,MENU ,-,261," $36,575.00 "
25,pTKvqqI4U29dIE1EbDPX,-,JUGO VERDE,Bebidas ,-,92," $5,980.00 "
26,qsBr39LxFbNkid7B3EC0-DE POLLO,-,Flautas DE POLLO,MENU ,-,135," $19,752.00 "
27,1619020699156-ESPECIAL,-,Huaraches ESPECIAL,DE NUESTRO COMAL,-,75," $12,224.00 "
28,1619020699148-CON HUEVO,-,Chilaquiles CON HUEVO,MENU ,-,91," $10,531.00 "
29,1619020699145-MILANESA DE POLLO,-,Tortas MILANESA DE POLLO,MENU ,-,194," $27,970.00 "
30,1619020699152-CON 1 GUISO,-,Sopes CON 1 GUISO,DE NUESTRO COMAL,-,193," $11,874.00 "
31,1619020699148-DEL PATRON,-,Chilaquiles DEL PATRON,MENU ,-,62," $13,405.00 "
32,1619020699145-MILANESA DE RES,-,Tortas MILANESA DE RES,MENU ,-,140," $20,435.00 "
33,gbOah8De7GNBMzoTw88H,-,Pozole MEDIANO DE POLLO,MENU ,-,40," $5,789.25 "
34,VeExibmVqcPTOmN649ps,-,BOING LATA,Bebidas ,-,62," $2,480.00 "
35,Wh1wAF5AgfU6yHfx2PuD,-,TORTA DE MILANESA RES O POLLO CHICA,MENU ,-,173," $18,832.00 "
36,4osdU6kzbL0R88sAiRwD,-,VENTA 23 DE AGOSTO,PAQUETES ,-,1," $19,082.00 "
37,SwP7Q2haoxpylRPzmSJ1-CON POLLO,-,Enfrijoladas CON POLLO,MENU ,-,69," $9,470.00 "
38,qsBr39LxFbNkid7B3EC0-MIXTAS,-,Flautas MIXTAS,MENU ,-,51," $7,982.25 "
39,1619020699146-DE POLLO,-,Enchiladas DE POLLO,MENU ,-,73," $11,931.00 "
40,1619020699140-OMELETTE DE JAMON Y QUESO,-,Huevos OMELETTE DE JAMON Y QUESO,MENU ,-,9," $1,312.25 "
41,"1619020699156-ESPECIAL BISTEC, POLLO O CHORIZO",-,"Huaraches ESPECIAL BISTEC, POLLO O CHORIZO",DE NUESTRO COMAL,-,58," $8,150.00 "
42,1619020699156-CON COSTILLA,-,Huaraches CON COSTILLA,DE NUESTRO COMAL,-,30," $5,550.00 "
43,ffy6ApJNChB4gtdy6rpQ,-,BACALAO 1KG,MENU NAVIDEÑO,-,26," $24,050.00 "
44,1619020699140-A LA MEXICANA,-,Huevos A LA MEXICANA,MENU ,-,41," $4,016.50 "
45,1619020699148-CON CECINA,-,Chilaquiles CON CECINA,MENU ,-,55," $9,530.00 "
46,1619020699156-CON 1 GUISO,-,Huaraches CON 1 GUISO,DE NUESTRO COMAL,-,71," $6,844.75 "
47,9pkEXghxcivPiSOBuXQ7,-,Consome de Pollo Mediano,MENU ,-,88," $12,780.00 "
48,1sheNbZa2HDWuTsktQ6D,-,EVENTO DSV,PAQUETES ,-,1," $23,200.00 "
49,1619020699148-ARRACHERA,-,Chilaquiles ARRACHERA,MENU ,-,31," $5,440.00 "
50,yKMWcbdkYHud43EBGd1c,-,EVENTO TAQUIZA DSV,DE NUESTRO COMAL,-,1," $20,880.00 "
51,qsBr39LxFbNkid7B3EC0-DE RES,-,Flautas DE RES,MENU ,-,60," $9,421.00 "
52,oGnkTKWQpQpsOK3nibt7,-,Gorditas,-,-,284," $19,788.00 "
53,1619020699142,-,Molletes LOS SENCILLOS,MENU ,-,34," $5,062.00 "
54,umizRSSg8KCMju1ntqzd,-,CHILE EN NOGADA(MEDIANO),PAQUETES ,-,20," $6,500.00 "
55,n16nyWRrB8z1eLD3NrCd,-,Quesadillas,-,-,273," $18,291.00 "
56,ui2KWuWo1Hs616GtaWu8,-,Principal S / Guarnición,PAQUETES ,-,220," $17,190.00 "
57,jM7eH7kBIHRWZ56V7G7a,-,Chocolate,Bebidas ,-,16, $960.00 
58,jsaGJrrqgh1AIwntdFyp,-,Principal C / Guarnición,PAQUETES ,-,117," $12,875.00 "
59,1619020699148-SENCILLOS,-,Chilaquiles SENCILLOS,MENU ,-,90," $7,550.00 "
60,1619020699155-SENCILLA,-,Quesadillas SENCILLA,DE NUESTRO COMAL,-,134," $5,374.00 "
61,1619020699140-RANCHEROS,-,Huevos RANCHEROS,MENU ,-,10," $1,291.00 "
62,1619020699161,-,Botella de Agua,Bebidas ,-,18, $540.00 
63,1619020699152-SENCILLO,-,Sopes SENCILLO,DE NUESTRO COMAL,-,97," $5,042.50 "
64,1619020699151-ESPECIAL,-,Gorditas ESPECIAL,DE NUESTRO COMAL,-,81," $5,780.00 "
65,1619020699140-DIVORCIADOS,-,Huevos DIVORCIADOS,MENU ,-,7, $805.00 
66,2zr7OUBEd1gLXl2bLhgu,-,EVENTO 24 ENERO,DE NUESTRO COMAL,-,1," $14,500.00 "
67,RJuP7a3JMQTzwOSD66Co,-,Entrada,PAQUETES ,-,202," $8,080.00 "
68,1619020699155-ESPECIAL,-,Quesadillas ESPECIAL,DE NUESTRO COMAL,-,69," $4,830.00 "
69,"1619020699155-ESPECIAL BISTEC, POLLO O CHORIZO",-,"Quesadillas ESPECIAL BISTEC, POLLO O CHORIZO",DE NUESTRO COMAL,-,56," $3,640.00 "
70,1619020699148-BISTEC,-,Chilaquiles BISTEC,MENU ,-,22," $3,080.00 "
71,u23DcSEiwKt3tBmNCsSQ,-,LOMO MECHADO ENSALSA DE SIDRA,MENU NAVIDEÑO,-,31," $13,950.00 "
72,gbOah8De7GNBMzoTw88H-MEDIANO DE CERDO,-,POZOLE MEDIANO MEDIANO DE CERDO,MENU ,-,24," $3,120.00 "
73,gbOah8De7GNBMzoTw88H-MEDIANO DE POLLO,-,POZOLE MEDIANO MEDIANO DE POLLO,MENU ,-,30," $4,050.00 "
74,9pkEXghxcivPiSOBuXQ7-Grande,-,Consome de Pollo Grande,MENU ,-,66," $10,560.00 "
75,Wzerzzv6G0FZTmvv0mUs,-,PAQUETE 1,MENU NAVIDEÑO,-,8," $12,800.00 "
76,1619020699150,-,Milanesas Y Pechugas MILANESA DE POLLO,MENU ,-,64," $8,750.00 "
77,1619020699150-MILANESA DE POLLO,-,Milanesas Y Pechugas MILANESA DE POLLO,MENU ,-,55," $7,455.00 "
78,SwP7Q2haoxpylRPzmSJ1-OAXAQUEÑAS,-,Enfrijoladas OAXAQUEÑAS,MENU ,-,6," $1,160.00 "
79,fXemmMBCLw5uBj1DJHdh,-,EVENTO,PAQUETES ,-,19," $10,110.00 "
80,1619020699152-ESPECIAL BISTEC O POLLO O CHORIZO,-,Sopes ESPECIAL BISTEC O POLLO O CHORIZO,DE NUESTRO COMAL,-,43," $3,305.00 "
81,c1qAnoYpyV3DX20hkTyM-PEÑAFIEL,-,Refrescos PEÑAFIEL,Bebidas ,-,11, $440.00 
82,xguL4K22SVq91tAyETTD,-,Chilaquiles Con Cecina,-,-,51," $11,322.00 "
83,n4uCd9znJ0ugO5rpIpds,-,GUISADO CON 1 GUARNICION,MENU ,-,21," $2,415.00 "
84,qX6ngB8e61E3AWiXgOmk,-,ROMERITOS,MENU NAVIDEÑO,-,14," $10,990.00 "
85,1619020699148-SUIZOS DE POLLO,-,Chilaquiles SUIZOS DE POLLO,MENU ,-,16," $2,645.00 "
86,9pkEXghxcivPiSOBuXQ7-Mediano,-,Consome de Pollo Mediano,MENU ,-,42," $5,460.00 "
87,N7TPggqishErhAnyozx7,-,Flautas De Pollo,-,-,66," $10,692.00 "
88,fzZeQSaLMxRbSgO6lnco,-,Torta De Milanesa,-,-,68," $10,404.00 "
89,qsBr39LxFbNkid7B3EC0-DE PAPA,-,Flautas DE PAPA,MENU ,-,36," $3,771.00 "
90,yqK9edAwyROCvyTdk2ZJ,-,Enmoladas de Pollo,MENU ,-,14," $2,170.00 "
91,ok8ew0yLeSxnDA0EpG37,-,LASAÑA DE CARNE DE RES,MENU NAVIDEÑO,-,24," $9,960.00 "
92,SwP7Q2haoxpylRPzmSJ1-CON CECINA,-,Enfrijoladas CON CECINA,MENU ,-,11," $1,875.00 "
93,1619020699151-SENCILLA,-,Gorditas SENCILLA,DE NUESTRO COMAL,-,86," $3,440.00 "
94,1619020699142-LOS SENCILLOS,-,Molletes LOS SENCILLOS,MENU ,-,26," $2,990.00 "
95,cM5RVsP5DulQtBn3N25R,-,ENSALADA DE MANZANA CON PIÑA Y NUEZ,MENU NAVIDEÑO,-,30," $9,300.00 "
96,SwP7Q2haoxpylRPzmSJ1-CON 2 HUEVOS,-,Enfrijoladas CON 2 HUEVOS,MENU ,-,5, $556.50 
97,1619020699152-ESPECIAL CECINA O ARRACHERA O CARNITAS,-,Sopes ESPECIAL CECINA O ARRACHERA O CARNITAS,DE NUESTRO COMAL,-,24," $1,920.00 "
98,1619020699145-ARRACHERA,-,Tortas ARRACHERA,MENU ,-,43," $6,895.00 "
99,c1qAnoYpyV3DX20hkTyM-COCA COLA REGULAR,-,Refrescos COCA COLA REGULAR,Bebidas ,-,27," $1,094.00 "
100,VPw1CXomr0lIwEsrlVUo,-,Arroz 1/2 Lt,EXTRAS,-,161," $8,050.00 "
101,uPQaW3lRxsFIDxspiDnm,-,POZOLE DSV,PAQUETES ,-,1," $8,410.00 "
102,FuMWRrs6LE7QnnDqjsp1,-,PAQUETE 2,MENU NAVIDEÑO,-,6," $8,400.00 "
103,1619020699146-SUIZAS DE QUESO,-,Enchiladas SUIZAS DE QUESO,MENU ,-,10," $1,520.00 "
104,uoihQ4JJCy16HyIpwcJB,-,PARRILLADA,MENU ,-,12," $2,860.00 "
105,1619020699156-CON 2 GUISOS,-,Huaraches CON 2 GUISOS,DE NUESTRO COMAL,-,4, $500.00 
106,rap5l8CbZGoZ518JrPZ1,-,chilaquiles arrieros,MENU ,-,17," $2,975.00 "
107,PTueIXoEDUG2Mef9jYNv,-,Quesadillas,-,-,119," $7,973.00 "
108,DaSd17dZInI4EtvslHcK,-,CONTENEDOR P/LLEVAR GDE,EXTRAS,-,1424," $7,120.00 "
109,c1qAnoYpyV3DX20hkTyM-COCA COLA ZERO,-,Refrescos COCA COLA ZERO,Bebidas ,-,17, $694.00 
110,1iZHMHeS3gucL8Q1rtsb,-,Chilaquiles Con Pollo,-,-,36," $7,524.00 "
111,1619020699148-ARRIEROS,-,Chilaquiles ARRIEROS,MENU ,-,11," $1,925.00 "
112,awVhgNznadD7dPa0PkDM,-,Cecina,MENU ,-,30," $4,390.00 "
113,1619020699149-MILANESA DE POLLO,-,Tecolota MILANESA DE POLLO,MENU ,-,17," $3,070.00 "
114,iZHy6V9XeTl78zp3AiLq,-,PASTA EN SALSA DE QUESO,MENU NAVIDEÑO,-,24," $7,080.00 "
115,rGBiBFk0CDU830j9SBLU,-,Tacos Del Comal,-,-,145," $7,005.00 "
116,cDOu9zXVilEPeqZqBpPe-AMERICANO,-,Cafe AMERICANO,Bebidas ,-,2, $80.00 
117,Cm5juCLybmDHr5myb7Kz,-,SIDRAL,Bebidas ,-,11, $440.00 
118,1619020699140-CON JAMÓN,-,Huevos CON JAMÓN,MENU ,-,6, $690.00 
119,1619020699149,-,Tecolota MILANESA DE POLLO,MENU ,-,15," $2,100.00 "
120,1YUDJGjNQXN0MdTrbc9J,-,Torta De Milanesa,-,-,43," $6,579.00 "
121,1619020699151-MIXTA,-,Gorditas MIXTA,DE NUESTRO COMAL,-,44," $2,380.00 "
122,RkBVIiC4Ubk5g9ThOy4m,-,Huevos A La Mexicana,-,-,49," $6,272.00 "
123,7GG8z9fPB8bME1w9xDhL,-,Gorditas,-,-,91," $6,227.00 "
124,1619020699150-MILANESA DE RES,-,Milanesas Y Pechugas MILANESA DE RES,MENU ,-,27," $3,915.00 "
125,1619020699150-PECHUGA A LA PLANCHA,-,Milanesas Y Pechugas PECHUGA A LA PLANCHA,MENU ,-,24," $3,060.00 "
126,c1qAnoYpyV3DX20hkTyM-REGULAR,-,COCA COLA REGULAR,Bebidas ,-,17, $680.00 
127,c1qAnoYpyV3DX20hkTyM-ZERO,-,COCA COLA ZERO,Bebidas ,-,14, $560.00 
128,eeqHVkbQWB3skP47d2Ar,-,Arrachera,MENU ,-,9," $1,655.00 "
129,038D0pNP1CFT0fNPCtlZ,-,TACOS CAMPECHANOS,MENU ,-,13," $2,340.00 "
130,jWFkb70dMvJxd0I9Zk1e,-,Pozole Grande,-,-,31," $5,642.00 "
131,IcaofON9YheLoH94geHr,-,Enchiladas Verdes De Pollo,-,-,29," $5,597.00 "
132,SwP7Q2haoxpylRPzmSJ1-SENCILLAS,-,Enfrijoladas SENCILLAS,MENU ,-,26," $2,235.00 "
133,c1qAnoYpyV3DX20hkTyM-COCA COLA LIGHT,-,Refrescos COCA COLA LIGHT,Bebidas ,-,11, $496.00 
134,SwP7Q2haoxpylRPzmSJ1-CON ARRACHERA,-,Enfrijoladas CON ARRACHERA,MENU ,-,9," $1,575.00 "
135,jGey4nS29SbF2YLZMUXl,-,Extra de Guiso de Comal,EXTRAS,-,29, $725.00 
136,nhLoAC2UY2ppZzbB3ls4-MANGO,-,BOING MANGO,Bebidas ,-,12, $480.00 
137,D7bubpe0c7QDUnBKdU9x,-,Proteina 100 Gr (para Platillo),EXTRAS,-,25," $1,875.00 "
138,PY2IaFCpZs0bGeRsGqoz,-,Café De Olla,-,-,95," $5,130.00 "
139,1619020699155-CON 2 GUISOS,-,Quesadillas CON 2 GUISOS,DE NUESTRO COMAL,-,14, $840.00 
140,jU3SHidT0xN6Iik6Vmn4-MINERAL,-,PEÑAFIEL MINERAL,Bebidas ,-,3, $120.00 
141,SAedQ52mHVynvF3D8Auq,-,FRIJOLES CON TOTOPOS,EXTRAS,-,14, $630.00 
142,1619020699142-CON CHORIZO,-,Molletes CON CHORIZO,MENU ,-,4, $680.00 
143,VkpM1feQtz6zg2l96G3u,-,Bistec o pechuga a La Plancha,MENU ,-,18," $2,660.00 "
144,1619020699168,-,Obleas de Amaranto,DE LA TIENDITA ,-,46," $1,840.00 "
145,c1qAnoYpyV3DX20hkTyM-CHAPARRITA,-,Refrescos CHAPARRITA,Bebidas ,-,32, $960.00 
146,yPmwzynvhI8C4FxkunRf,-,Flautas Mixtas,-,-,25," $4,550.00 "
147,1619020699140-OMELETTE LIGERO CON GUISO,-,Huevos OMELETTE LIGERO CON GUISO,MENU ,-,1, $160.00 
148,SwP7Q2haoxpylRPzmSJ1-JUANA GALLO,-,Enfrijoladas JUANA GALLO,MENU ,-,4, $860.00 
149,1619020699142-CON ARRACHERA,-,Molletes CON ARRACHERA,MENU ,-,3, $585.00 
150,1619020699156-SENCILLO,-,Huaraches SENCILLO,DE NUESTRO COMAL,-,23," $1,535.00 "
151,pk7e51ajojBz2DVniIoo,-,Enfrijoladas Con Pollo,-,-,20," $4,320.00 "
152,1619020699145-CECINA,-,Tortas CECINA,MENU ,-,22," $3,520.00 "
153,1619020699142-CON CON BISTEC,-,Molletes CON CON BISTEC,MENU ,-,18," $3,060.00 "
154,1619020699140-CON TOCINO,-,Huevos CON TOCINO,MENU ,-,3, $392.00 
155,1619020699154,-,Tacos ORDEN CECINA,MENU ,-,16," $1,074.00 "
156,1619020699140-REVUELTOS,-,Huevos REVUELTOS,MENU ,-,11," $1,026.25 "
157,wkU2sHldo4I9FOg1I8bU,-,PKT MARIACHI,PAQUETES ,-,2," $3,960.00 "
158,ZHgQktd8drHU2XJrjIrw,-,Rusa,Bebidas ,-,2, $100.00 
159,1619020699145-LA DEL CAZO,-,Tortas LA DEL CAZO,MENU ,-,12," $1,940.00 "
160,1619020699140-ESTRELLADOS,-,Huevos ESTRELLADOS,MENU ,-,4, $345.00 
161,c1qAnoYpyV3DX20hkTyM-LIGHT,-,COCA COLA LIGHT,Bebidas ,-,10, $400.00 
162,1619020699145-POLLO O CHORIZO,-,Tortas POLLO O CHORIZO,MENU ,-,22," $3,190.00 "
163,mz6Mm4rUsCPjSC37ab0Z,-,Refresco,-,-,70," $3,780.00 "
164,SwP7Q2haoxpylRPzmSJ1-RANCHERAS,-,Enfrijoladas RANCHERAS,MENU ,-,6," $1,050.00 "
165,8P7HACnKHLjwnZCnYzvv,-,Huevos Con Chorizo,-,-,20," $3,640.00 "
166,6pYpM70U7ggrawRa7bg4,-,PAQUETE 3,MENU NAVIDEÑO,-,3," $3,600.00 "
167,WjXVPHMEceTFOPBLOlp5,-,Agua Del Día,-,-,71," $3,550.00 "
168,A0XEC9bS5jpfnJpReIMF,-,EVENTO DE TACOS 26 DIC,PAQUETES ,-,1," $3,415.00 "
169,SwP7Q2haoxpylRPzmSJ1-CHORIZO,-,Enfrijoladas CHORIZO,MENU ,-,4, $560.00 
170,3eidOMlkoIdjHq0Zf8xm,-,SPRITE,Bebidas ,-,5, $200.00 
171,D70tnZtN3bFPVMUgNCQ3,-,TAMPIQUEÑA RES,PAQUETES ,-,7," $1,435.00 "
172,eBiMpZPvI3eJzCdN6P5N,-,Pozole Mediano,-,-,19," $3,268.00 "
173,ER5SyDZCvEFwywnAShJu,-,BACALAO 1/2 KG,MENU NAVIDEÑO,-,7," $3,240.50 "
174,1619020699149-MILANESA DE RES,-,Tecolota MILANESA DE RES,MENU ,-,3, $540.00 
175,oHQmEMls5GOqUqd3ZgKp,-,Sope,-,-,46," $3,212.00 "
176,1619020699151-CON 2 GUISOS,-,Gorditas CON 2 GUISOS,DE NUESTRO COMAL,-,24," $1,491.00 "
177,KJoFvtyhuFE2J1cwnUwM,-,Huarache,-,-,24," $3,147.00 "
178,cDPljD1d2jGHxkaRqJKV,-,Aguacate,EXTRAS,-,12, $360.00 
179,1619020699153-CON 2 GUISOS,-,Tacos CON 2 GUISOS,DE NUESTRO COMAL,-,13, $520.00 
180,bAWPnTlmdFFQsnD6vLeC,-,Huevos Divorciados,-,-,19," $3,078.00 "
181,7ZK9PWF7C8dP0HU5Auk5,-,Enfrijoladas Con Cecina,-,-,13," $3,068.00 "
182,0rrUZv1V7MUoKQzbbFeT,-,PAQUETE HOY NO COCINAS DE POLLO O CERDO,PAQUETES ,-,8," $3,040.00 "
183,V9Ue3JmJaWbFH56UPG7T,-,Huarache Especial,-,-,14," $3,024.00 "
184,2rk6XGUFjzkEiCFCDO5g,-,Enfrijoladas Oaxaqueñas,-,-,14," $3,010.00 "
185,JBYV2zhObdw41Z3bw2t9,-,MENUDO,PAQUETES ,-,4, $920.00 
186,zboiSpxLJ5ecx0LHd2wA,-,Flautas De Res,-,-,17," $2,975.00 "
187,yysYWpfJ0wUfg5wWtxFS,-,PECHUGAS RELLENAS,MENU NAVIDEÑO,-,7," $2,975.00 "
188,HKlBSEJvmXOxJfNbSu2s,-,1KG PASTEL DE CARNE,DE NUESTRO COMAL,-,8," $2,930.00 "
189,h8sJ7bdJoarCWujFzzfu,-,CALDO DE CAMARON,PAQUETES ,-,8," $1,800.00 "
190,y9hu3EWzzic837bvbjHZ,-,Flautas De Papa,-,-,24," $2,904.00 "
191,mm2VFtz1U6lbvaE8ch0N,-,Chilaquiles Del Patrón,-,-,10," $2,900.00 "
192,M9UxaIaFLyVOFayBywoe,-,Enfrijoladas Con Cecina,-,-,12," $2,832.00 "
193,lJ21i0kKJE9A0PuNr10h,-,EVENTO SABADO 25,PAQUETES ,-,1," $2,800.00 "
194,z2VZVHS3CCBUtdksOXjE,-,POLLO DESHUESADO RELLENO,MENU NAVIDEÑO,-,6," $2,790.00 "
195,0lQ82xDonxOJMRuiWfxt,-,Huevos Rancheros,-,-,17," $2,754.00 "
196,1619020699148-CHORIZO,-,Chilaquiles CHORIZO,MENU ,-,4, $560.00 
197,RlZwqG1FoWhxBN55OfQa,-,PURE DE PAPA CON TOCINO CRUJIENTE,MENU NAVIDEÑO,-,11," $2,640.00 "
198,jU3SHidT0xN6Iik6Vmn4-NARANJADA,-,PEÑAFIEL NARANJADA,Bebidas ,-,4, $160.00 
199,sEoTfpjxoKaAvCWrN0Y9,-,Chilaquiles Sencillos,-,-,26," $2,626.00 "
200,jOPorDfy6fdUgzEhCLlc,-,SALMÓN,PAQUETES ,-,7," $1,995.00 "
201,SwP7Q2haoxpylRPzmSJ1-BISTEC,-,Enfrijoladas BISTEC,MENU ,-,2, $280.00 
202,ESfhooTVg6TSs9Wj99xD,-,PESCADO A LA TALLA,PAQUETES ,-,11," $1,815.00 "
203,phjaiq7R73R8jWPkdPP0,-,TORTA DE CARNITAS CHICA,MENU ,-,7, $890.00 
204,IXfLia0uxgqWdJrjnjkt,-,PAQUETE HOY NO COCINAS RES,PAQUETES ,-,6," $2,400.00 "
205,4P2aSg0qW2JTM32UjLY4,-,CAMBIO DE PROTEINA,EXTRAS,-,32, $640.00 
206,0pz1GZh32wjhfoDhb2DR,-,Principal C/agua Y Guarniciones,PAQUETES ,-,9," $1,170.00 "
207,2XtEcMpDkvgEAn81o6Pb,-,TORTA DE POLLO O CHORIZO,MENU ,-,6, $675.00 
208,feFpTJ2nx05EE0JgLEuJ,-,PESCADO EMPANIZADO,PAQUETES ,-,6," $1,215.00 "
209,UFBfitXvQbVfal6omWFv,-,LOMO EN SALSA DE PONCHE,MENU NAVIDEÑO,-,5," $2,250.00 "
210,9pkEXghxcivPiSOBuXQ7-Infantil,-,Consome de Pollo Infantil,MENU ,-,33," $1,650.00 "
211,abkva4J8tFk7YiDn1o8Q,-,Chilaquiles Con Bistec,-,-,12," $2,232.00 "
212,1zR6K99tRIlsWGFvGSx5,-,CHAMORRO,ESPECIALES ,-,8," $1,760.00 "
213,ZbPjIqLoSMpqimpCnQfP,-,Tortillas (docena),EXTRAS,-,50," $1,750.00 "
214,1619020699142-CON CECINA,-,Molletes CON CECINA,MENU ,-,3, $585.00 
215,slyqnuc4jcLmtsVBMZy3,-,Huevo Extra,EXTRAS,-,8, $160.00 
216,Hh0N4asDc7d6zxOxk4Pw,-,Huevos Con Jamón O Tocino,-,-,13," $2,106.00 "
217,vhatjNmBGwT7z2GeNuRY,-,MENUDO,MENU ,-,3, $690.00 
218,jU3SHidT0xN6Iik6Vmn4-RUSA MINERAL,-,PEÑAFIEL RUSA MINERAL,Bebidas ,-,1, $50.00 
219,1oCIWBQm0rQ7sZtZQcj5,-,Guarnición,PAQUETES ,-,36," $1,440.00 "
220,cdwv9mQWIp9aQ1Rc3zMk,-,TORTA QUESILLO O PANELA CHICA,MENU ,-,3, $300.00 
221,gQhgWPkQ33QJhEOqKOlC,-,CAMARONES HOJALDRADOS,PAQUETES ,-,6," $1,710.00 "
222,BqD3hUQ1nm2aXpswDxmy,-,Salsa 1/2 Lt,EXTRAS,-,26," $1,430.00 "
223,Vx6A6zTTDHA9aVHWJoLU,-,PEDIDO DE GUISOS,PAQUETES ,-,1," $1,970.00 "
224,nhLoAC2UY2ppZzbB3ls4-GUAYABA,-,BOING GUAYABA,Bebidas ,-,2, $80.00 
225,blEd3d9c5ZuXmJD2tJQC,-,TORTA ARRACHERA CHICA,MENU ,-,9," $1,170.00 "
226,tx00I8tIUHb4GpDcu1pv,-,Enfrijoladas Con Arrachera,-,-,10," $1,920.00 "
227,NQBcRIJpAAfoRKeJ8stR,-,1 KG DE GUISO DE COMAL,DE NUESTRO COMAL,-,4," $1,520.00 "
228,RnnfApZZFiOkaryFeWrc,-,TORTA JAMON CON MANCHEGO CHICA,MENU ,-,6, $530.00 
229,9fHoN5eFTlRjYQ4J22sT,-,PESCADO A LA TALLA,PAQUETES ,-,3, $630.00 
230,dwpH91v8RGWmS1fjJ4T6,-,PESCADO EMPANIZADO,PAQUETES ,-,3, $630.00 
231,lN8DTRyisuVvrT9poWh5,-,PLATO OAXAQUEÑO,PAQUETES ,-,4, $940.00 
232,1619020699140-CON CHORIZO,-,Huevos CON CHORIZO,MENU ,-,1, $125.00 
233,SwP7Q2haoxpylRPzmSJ1-VERACRUZANAS,-,Enfrijoladas VERACRUZANAS,MENU ,-,," $1,850.00 "
234,4oSpEo7S6P7VrHGDXhVF,-,FAJITAS DE ARRACHERA,ESPECIALES ,-,3, $600.00 
235,iCt8TeYxqwmARkk7zlj8,-,Frijoles 1/2 Lt,EXTRAS,-,30," $1,650.00 "
236,sPtQ1MWfSiPL2XtVV6sV,-,Enchiladas Rojas De Pollo.,-,-,9," $1,737.00 "
237,jTMdJAAfLTqTPIBlJe7A,-,Torta Del Cazo,-,-,9," $1,737.00 "
238,oi1W148c2cQBRzb7ku0U,-,Sope Especial,-,-,16," $1,728.00 "
239,yGKNaHeuQ62QFP6DSPvO,-,CHAPATA DE BACALAO,MENU NAVIDEÑO,-,8," $1,720.00 "
240,1619020699145-LA OAXAQUEÑA,-,Tortas LA OAXAQUEÑA,MENU ,-,11," $1,705.00 "
241,3eWzWwFKV87j0sRVlv0i,-,Omelette De Jamón Y Queso,-,-,10," $1,620.00 "
242,SwP7Q2haoxpylRPzmSJ1-CON COSTILLA,-,Enfrijoladas CON COSTILLA,MENU ,-,1, $195.00 
243,uCVYAN4PmklKYwYZEMJS,-,La Cazuela De La Abuela,-,-,9," $1,575.00 "
244,0BUDJBJ6sBPhoxKRsWsI,-,TACOS GOBERNADOR,PAQUETES ,-,4, $900.00 
245,x7As80NGnjIvY4Pg2ukO,-,Molletes Sencillos,-,-,10," $1,550.00 "
246,6N3zPsbb8aUKb9TI1wPF,-,Enchiladas Suizas De Pollo,-,-,6," $1,494.00 "
247,WKwD2UN8WjmzBc3STZ95,-,Chilaquiles Con Huevo,-,-,9," $1,458.00 "
248,olgDn9Q9KZvaEM1RUtn9,-,Chilaquiles Del Patrón,-,-,5," $1,450.00 "
249,IPgCHJML348TqnIWz0fb,-,Enfrijoladas Juana Gallo,-,-,5," $1,450.00 "
250,KQt4oSgkomvTeF3ctnSF,-,PAQUETE HOY NO COCINAS VEGETARIANO,PAQUETES ,-,4," $1,440.00 "
251,4x8LMny6rdiR0d9rBQqL,-,EVENTO VIERNES 3,PAQUETES ,-,1," $1,435.00 "
252,oqdt5mHE6KQ40MD5OPGb,-,TORTA DE  CECINA CHICA,MENU ,-,6, $770.00 
253,AMmJky377vKEhL27mXtY,-,Enfrijoladas Sencillas,-,-,10," $1,350.00 "
254,1619020699146-DE QUESO,-,Enchiladas DE QUESO,MENU ,-,5, $655.00 
255,oeidwgx9wM0FqmCpaHUc,-,QUESILLO PARA TORTAS,EXTRAS,-,48," $1,075.00 "
256,QFHgAvSyEFdP6SYV3GLY,-,1/2 KILO GUISO COMAL,DE NUESTRO COMAL,-,7," $1,330.00 "
257,1619020699153-POLLO DESHEBRADO,-,Tacos POLLO DESHEBRADO,DE NUESTRO COMAL,-,2, $100.00 
258,LXbNh9v8cM6ewOueGlnL,-,Chilaquiles Con Huevo,-,-,8," $1,296.00 "
259,jU3SHidT0xN6Iik6Vmn4-LIMONADA,-,PEÑAFIEL LIMONADA,Bebidas ,-,," $1,280.00 "
260,9mVfpjsZKeq8jK6mEEvb-MANDARINA,-,CHAPARRITA MANDARINA,Bebidas ,-,5, $150.00 
261,vbQr5zhmwCOM5DySIGIA,-,GUISO X MEDIO,DE NUESTRO COMAL,-,7," $1,225.00 "
262,cfo4AgMAGW1gAqC2SWd4,-,CHILAQUILES RELLENOS,MENU ,-,1, $175.00 
263,E5ghEgH9x2y8P9pkJtRc,-,BACALAO 150 GRS,MENU NAVIDEÑO,-,2, $590.00 
264,ufnPNtwWiNVpjbq2Me0Z,-,Molletes Con Chorizo,-,-,6," $1,170.00 "
265,nwXLcMpBo2hRjIKTc8fG,-,COMBO PAN CAFE,Bebidas ,-,," $1,160.00 "
266,7QkZr4vVaWEnYtj3IGLt,-,Torta De Arrachera,-,-,6," $1,155.00 "
267,1619020699146-DOBLADITAS DE CECINA,-,Enchiladas DOBLADITAS DE CECINA,MENU ,-,2, $330.00 
268,NJBL9XJKbYsVbHRPbjNx,-,MILANESA NAPOLITANA,PAQUETES ,-,2, $570.00 
269,lqBbx5uoffDhrNMjjlsx,-,Chilaquiles Arrieros,-,-,6," $1,128.00 "
270,Us3j7Fv2PiT3Vy60lHGi,-,TORTAS POLLO GRANDES,MENU ,-,5, $700.00 
271,8o7pbFIp3DwqWColcrK3,-,Enfrijoladas Con Bistec,-,-,6," $1,116.00 "
272,9mVfpjsZKeq8jK6mEEvb-UVA,-,CHAPARRITA UVA,Bebidas ,-,3, $90.00 
273,Tml1dyHSD3EhxqDqI90f,-,PAMBAZO PAPA CON CHORIZO,MENU ,-,16," $1,040.00 "
274,e81YKKcjbeFaM2Ip4uQB,-,ORDEN DE TACOS DE MILANESA,PAQUETES ,-,1, $220.00 
275,6B77wpObeNtb07mtGvlu,-,ESPECIAL DE DOMINGO,PAQUETES ,-,4, $720.00 
276,1619020699152-CON 2 GUISOS,-,Sopes CON 2 GUISOS,DE NUESTRO COMAL,-,1, $70.00 
277,1619020699142-CON POLLO,-,Molletes CON POLLO,MENU ,-,1, $170.00 
278,pJg5rptfhSUf0acE3PHp,-,Enchiladas Suizas De Queso,-,-,4, $996.00 
279,JuY3hWp0cPyah6zJPyIm,-,PKT PAMBAZOZ Y FLAUTAS,PAQUETES ,-,1, $950.00 
280,lYarWfYhrVdLo95WwwRn,-,Tocino,EXTRAS,-,, $900.00 
281,9uW9tmTL9JLPAez5GCTX,-,PAMBAZO CARNITAS,MENU ,-,12, $900.00 
282,ozIaVK2a7Uxw599n5alb,-,ENCHILADAS SUIZAS DE CAMARON,PAQUETES ,-,1, $225.00 
283,nhLoAC2UY2ppZzbB3ls4-MANZANA,-,BOING MANZANA,Bebidas ,-,2, $80.00 
284,glH6VXMddR8uwT7gkzxP,-,CHILAQUILES SUIZOS DE POLLO,MENU ,-,2, $290.00 
285,9mVfpjsZKeq8jK6mEEvb-PIÑA,-,CHAPARRITA PIÑA,Bebidas ,-,, $870.00 
286,1619020699145-JAMON CON MANCHEGO,-,Tortas JAMON CON MANCHEGO,MENU ,-,1, $120.00 
287,X45JCPddDY9NW9t5wQ0X,-,PECHUGA CAPRESE,PAQUETES ,-,1, $285.00 
288,V34ek1zcC86kxamoKwWZ,-,GUISO X MEDIO,DE NUESTRO COMAL,-,4, $660.00 
289,1619020699150-BISTEC A LA PLANCHA,-,Milanesas Y Pechugas BISTEC A LA PLANCHA,MENU ,-,, $825.00 
290,1619020699149-CON POLLO,-,Tecolota CON POLLO,MENU ,-,3, $465.00 
291,P8S4EyzqcXmUJpVurx3J,-,Enchiladas Rojas De Queso,-,-,5, $805.00 
292,lakmqw9hd4fbSZNwSCKu,-,ROMERITOS 1/2 KG,MENU NAVIDEÑO,-,2, $786.00 
293,1619020699146-DOBLADITAS CON COSTILLA,-,Enchiladas DOBLADITAS CON COSTILLA,MENU ,-,, $755.00 
294,1619020699148-CON ARRACHERA,-,Chilaquiles CON ARRACHERA,MENU ,-,2, $370.00 
295,9AWYIy0EheplkHadaVxT,-,Chilaquiles Sencillos,-,-,7, $707.00 
296,Bl7gloHrkbRDgc8mCux6,-,TORTITAS DE CAMARON,PAQUETES ,-,3, $525.00 
297,bftRRYJyC4nMXPFK1bVk,-,Chilaquiles Mayas,-,-,3, $687.00 
298,1619020699146-DOBLADITAS DE ARRACHERA,-,Enchiladas DOBLADITAS DE ARRACHERA,MENU ,-,1, $165.00 
299,AxTPSupIuOWxlNpjOiPk,-,Enfrijoladas Con Huevo,-,-,4, $672.00 
300,W4HHEdYNJaJxlOQ3Fuyb,-,CHORIZO,EXTRAS,-,6, $210.00 
301,1619020699149-SENCILLA,-,Tecolota SENCILLA,MENU ,-,4, $440.00 
302,1619020699146-DOBLADITAS DE BISTEC,-,Enchiladas DOBLADITAS DE BISTEC,MENU ,-,, $660.00 
303,R1YFAXi70K0PWM18jw4e,-,Enfrijoladas Veracruzanas,-,-,3, $645.00 
304,KASe2zx1Y5biITFLPOzj,-,TORTITAS DE CAMARON,MENU NAVIDEÑO,-,14, $630.00 
305,s8t45V2ukVNSO7IRXxXZ,-,PEDIDO DE CHILES,PAQUETES ,-,1, $630.00 
306,O8qnaxOzyQfMBNw3PBvh,-,Pollo,EXTRAS,-,6, $330.00 
307,w2WUONdVzIALE8Z7k3FG,-,Agua Del Día,-,-,12, $600.00 
308,3iebLncz2MJzZJ805u4g,-,GUISO X MEDIO,DE NUESTRO COMAL,-,5, $600.00 
309,0w3r1LVphliBHg7sSOhv,-,TACOS ESTILO SINALOA,PAQUETES ,-,2, $380.00 
310,ejMp5xJxx3HozuEdSHC6,-,Crema,EXTRAS,-,4, $60.00 
311,1619020699154-1 PIEZA CECINA,-,Tacos 1 PIEZA CECINA,MENU ,-,3, $150.00 
312,1619020699154-1 PIEZA BISTEC,-,Tacos 1 PIEZA BISTEC,MENU ,-,5, $275.00 
313,1619020699140-LIGEROS RANCHEROS SOBRE NOPAL ASADO,-,Huevos LIGEROS RANCHEROS SOBRE NOPAL ASADO,MENU ,-,, $540.00 
314,YTQghEL220Onpn84Ipza,-,Enfrijoladas Rancheras,-,-,3, $525.00 
315,1619020699145-QUESILLO O PANELA,-,Tortas QUESILLO O PANELA,MENU ,-,2, $260.00 
316,IhaxBjH3FnyPuoGMfS9Z,-,ADELANTO PAQUETE INDEPENDENCIA,PAQUETES ,-,1, $500.00 
317,7c0V5jc1TNdUtCxOyMoU,-,Enchiladas Verdes De Queso,-,-,3, $483.00 
318,yTYdydLV3uGR9dQj6QuY,-,RESTO DE PAQUETE INDEPENDENCIA,PAQUETES ,-,1, $480.00 
319,CP7s7PY6msnNAY8wZcZl,-,MILANESA INFANTIL,MENU ,-,1, $115.00 
320,8TwQimboaFb5UFqyqXaf,-,LOMO 1/2KG,MENU NAVIDEÑO,-,2, $450.00 
321,1619020699145-BISTEC,-,Tortas BISTEC,MENU ,-,3, $435.00 
322,1619020699154-ORDEN BISTEC,-,Tacos ORDEN BISTEC,MENU ,-,2, $290.00 
323,mEbfGIzWgr5D3RywucNa,-,CHILAQUILES SUIZOS SENCILLOS,MENU ,-,2, $210.00 
324,od5HFGjKqac3ZhvoUD3W,-,TAMPIQUEÑA POLLO,PAQUETES ,-,2, $410.00 
325,1619020699142-CON HUEVO,-,Molletes CON HUEVO,MENU ,-,3, $405.00 
326,2jii6eKeWPDCpOvIIBn7,-,PEDIDO DE GABY,MENU NAVIDEÑO,-,1, $400.00 
327,ZHDqIwsAO7P1ni9yKPlj,-,Pastel de Elote,DE LA TIENDITA ,-,, $390.00 
328,MphoLeKkpsDOi0xEZeZM,-,MEDIO DE GUISO POLLO O CERDO,DE NUESTRO COMAL,-,2, $380.00 
329,81Y4uIfnTEchneI4vJT4,-,CHAPATA DE ROMERITOS CON TORTA DE CAMARON,MENU NAVIDEÑO,-,2, $380.00 
330,TUi1jzCYyTUuKcrfug4e,-,Jamon,EXTRAS,-,6, $150.00 
331,LkpQ3jeCe1jHQIvBUPY8,-,Queso Panela,EXTRAS,-,4, $100.00 
332,FiO76HCHSWww9N2U12sL,-,PANQUE DATIL/ NUEZ,DE LA TIENDITA ,-,, $375.00 
333,1619020699148-CON COSTILLA,-,Chilaquiles CON COSTILLA,MENU ,-,, $370.00 
334,1619020699140-OMELETTE LIGERO DE JAMON O TOCINO,-,Huevos OMELETTE LIGERO DE JAMON O TOCINO,MENU ,-,, $360.00 
335,cFJrxwiPG3TFhcmVdCVX,-,BROCHETA ESPECIAL,MENU ,-,1, $180.00 
336,1619020699156-HUARACHE DE NOPAL CON CECINA,-,Huaraches HUARACHE DE NOPAL CON CECINA,DE NUESTRO COMAL,-,, $350.00 
337,1619020699149-CON CECINA,-,Tecolota CON CECINA,MENU ,-,1, $170.00 
338,ArAyOsyDLUeA6bPPxcck,-,Pastel de Queso con Higo,DE LA TIENDITA ,-,1, $65.00 
339,f5S7P8Zowjn3uCHR34LX,-,Molletes De Huevo,-,-,2, $312.00 
340,SKi2XIhGqGbL9b8MkAxl,-,Quesillo para Quesadilla O Gordita,EXTRAS,-,58, $290.00 
341,iBWsDkL5Yd9zsnRIUZfP,-,Entomatadas CON QUESO,MENU ,-,1, $150.00 
342,Tu2DRGu96MEZ94pZ1MXF,-,GUACAMOLE,EXTRAS,-,3, $150.00 
343,1619020699156-DE NOPAL CON HUEVO HUITLACOCHE FLOR,-,Huaraches DE NOPAL CON HUEVO HUITLACOCHE FLOR,DE NUESTRO COMAL,-,, $270.00 
344,v9HfAk7eE7YqxJ8bXjxy,-,ROMERITOS CON DOS TORTITAS DE CAMARON,MENU NAVIDEÑO,-,1, $265.00 
345,778WBjbqczuJMywzSqiE,-,PAQUETE SIN AGUA,PAQUETES ,-,, $260.00 
346,1619020699149-CON HUEVOS,-,Tecolota CON HUEVOS,MENU ,-,, $250.00 
347,ZCTqB4ykeo2hLZmCzt9S,-,ARRACHERA 100GRS,MENU ,-,2, $250.00 
348,MYmdEhlDyhsVwU7cdpHW,-,Queso Fresco,EXTRAS,-,6, $90.00 
349,1619020699148-CON BISTEC,-,Chilaquiles CON BISTEC,MENU ,-,2, $240.00 
350,QDzRuu6ZqUYHx9cBbWGb,-,Huevos Estrellados,-,-,3, $225.00 
351,1UbJ24oMm1nxfl4kv6Yz,-,Torta Oaxaqueña,-,-,1, $225.00 
352,1619020699154-1 PIEZA CARNITAS,-,Tacos 1 PIEZA CARNITAS,MENU ,-,2, $110.00 
353,1619020699146-ENCHORIZADAS DE CARNITAS,-,Enchiladas ENCHORIZADAS DE CARNITAS,MENU ,-,1, $205.00 
354,cDOu9zXVilEPeqZqBpPe-TE,-,Cafe TE,Bebidas ,-,, $200.00 
355,1619020699149-CON COSTILLA,-,Tecolota CON COSTILLA,MENU ,-,1, $195.00 
356,D5w7B2p7Ag4tinprLBXe,-,Molletes De Bistec,-,-,1, $191.00 
357,1619020699156-HUARACHE CON 2 H Y COSTILLA,-,Huaraches HUARACHE CON 2 H Y COSTILLA,DE NUESTRO COMAL,-,, $190.00 
358,2eTKDc1Hzq6nBqQx3XTw,-,Leche,EXTRAS,-,, $180.00 
359,zugdg1cPwwnBR9e7rbQq,-,FAJITAS DE POLLO,ESPECIALES ,-,, $180.00 
360,1619020699156-HUARACHE DE NOPAL CON ARRACHERA,-,Huaraches HUARACHE DE NOPAL CON ARRACHERA,DE NUESTRO COMAL,-,, $175.00 
361,1619020699156-HUARACHE DE NOPAL CON POLLO,-,Huaraches HUARACHE DE NOPAL CON POLLO,DE NUESTRO COMAL,-,, $175.00 
362,CenqzckG2aJsoQr97WYs,-,FLOR DE CALABAZA 1/2 KG,DE NUESTRO COMAL,-,1, $160.00 
363,y40NcS7yspHhkXGsuGmF,-,Chilaquiles Enchicharronados CON HUEVO,MENU ,-,, $160.00 
364,1619020699146-DE GUISO DE COMAL,-,Enchiladas DE GUISO DE COMAL,MENU ,-,, $160.00 
365,1619020699154-ORDEN ARRACHERA,-,Tacos ORDEN ARRACHERA,MENU ,-,, $155.00 
366,qrO8SGBUEXR3zIkOI4LS,-,SALSA SUIZA,EXTRAS,-,2, $60.00 
367,XON9XDIgr5kHs3KOl62G,-,Costilla Extra 200gr,EXTRAS,-,1, $75.00 
368,iBWsDkL5Yd9zsnRIUZfP-CON POLLO,-,Entomatadas CON POLLO,MENU ,-,1, $150.00 
369,1619020699155-INFANTILES CON ARRACHERA PICADITA,-,Quesadillas INFANTILES CON ARRACHERA PICADITA,DE NUESTRO COMAL,-,, $150.00 
370,O4uQiC4xtGmxvuhgbDdA,-,postre de oreo,DE LA TIENDITA ,-,, $140.00 
371,xDE43gMGHLxrkZZV80Cy,-,Vaso de Leche,Bebidas ,-,, $135.00 
372,BMfuDG5YQT9A2wc5a4t0,-,COMBO 3 GORDITA,DE NUESTRO COMAL,-,, $135.00 
373,JzVxerSQXArPaywxtbKn,-,Pastel de 3 Quesos,DE LA TIENDITA ,-,, $130.00 
374,WpSMyMCNKgBuZNJzgZm3,-,Quesillo para Huarache,EXTRAS,-,2, $30.00 
375,YGvN91UAqvOo7F7ZGOJ2,-,Bolillo,EXTRAS,-,3, $30.00 
376,G0vVkLWgxjls73X6PCZ3,-,MEDIO KILO DE PATA,PAQUETES ,-,1, $107.50 
377,pGHufN8OBNvG8HAO1YHh,-,CONTENEDOR P/LLEVAR CH,EXTRAS,-,5, $15.00 
378,1619020699149-SENCILLOS,-,Tecolota SENCILLOS,MENU ,-,1, $100.00 
379,4jF4NOVL8SIQNj79yi7P,-,Papas a La Francesa,EXTRAS,-,, $90.00 
380,0LTX5vyOOIjiTyTFH1L5,-,COMBO PAN CHOCOLATE,Bebidas ,-,, $85.00 
381,0RTlxnDH70oPyZm0VmII,-,postre de frutos rojos,DE LA TIENDITA ,-,, $70.00 
382,ZiLenO7jUS14ZBQPLht8,-,TORTILLAS (1/2 DOCENA),EXTRAS,-,2, $34.00 
383,1619020699154-1 PIEZA ARRACHERA,-,Tacos 1 PIEZA ARRACHERA,MENU ,-,, $55.00 
384,DiNOG3LlgHOnlJxFzwGh,-,CARLOTA DE LIMON,DE LA TIENDITA ,-,, $50.00 
385,lBH0kUaDm0vynmGK1FtC,-,DESECHABLE,EXTRAS,-,4, $40.00 
386,jB9czRuSTp8cKe9ftWXc,-,ENSALADA,EXTRAS,-,, $50.00 
387,YFojOnkC2RNUGjE7qpkH,-,PAN DULCE,DE LA TIENDITA ,-,1, $45.00 
388,vAbnxi0o3SRiMOnT8suD,-,BOING GUAYABA,Bebidas ,-,, $40.00 
389,c1qAnoYpyV3DX20hkTyM-MINERAL,-,Refrescos MINERAL,Bebidas ,-,, $40.00 
390,nhLoAC2UY2ppZzbB3ls4-BOING MANZANA,-,BOING LATA BOING MANZANA,Bebidas ,-,, $40.00 
391,3HQ3ggxb2U62x9pTzEB5,-,QUESO/CHAMPIÑONES PARA FAJITAS,ESPECIALES ,-,1, $35.00 
392,c1qAnoYpyV3DX20hkTyM-CHAPARRITA UVA,-,Refrescos CHAPARRITA UVA,Bebidas ,-,, $30.00 
393,KiEHdHFF6blUTMfV5tsa,-,Chilaquiles Arrachera,-,-,22, $22.00 
394,GkcVKX8JKhxD4zNpOnbW,-,VASO TERMICO,Bebidas ,-,3, $6.00 
395,wSKMT6jqzrCTtiWZOacB,-,GORDITA MIXTA,DE NUESTRO COMAL,-,, $10.00 
